Created_At,Tweets,Clean_Data,Tweet_Normal,Tanpa_StopWords,Tokenizing,Stemming,Bobot,Label,Sentimen
2021-11-20 10:08:29+00:00,"@isaayyy_ @faizaufi mana cukup sekali makan 1 bks nasi kucing HAHAHAHAHAHAHAHAH selama jadi mahasiswa di Jogja, Gofood,grabfood, sm shopeefood emang bener jadi penyelamat",mana cukup sekali makan bks nasi kucing hahahahahahahahah selama jadi mahasiswa di jogja gofoodgrabfood sm shopeefood emang bener jadi penyelamat,mana cukup sekali makan bks nasi kucing hahahahahahahahah selama jadi mahasiswa di jogja gofoodgrabfood sama shopeefood memang benar jadi penyelamat,makan bks nasi kucing hahahahahahahahah mahasiswa jogja gofoodgrabfood shopeefood penyelamat,"['makan', 'bks', 'nasi', 'kucing', 'hahahahahahahahah', 'mahasiswa', 'jogja', 'gofoodgrabfood', 'shopeefood', 'penyelamat']",makan bks nasi kucing hahahahahahahahah mahasiswa jogja gofoodgrabfood shopeefood selamat,8,positif,1.0
2021-11-20 10:01:35+00:00,-ness untuk mbak2 driqver shopeefood inisal Z semangaatt yaa mbak.. kagum liat cewek kayak mbaknya hehe,ness untuk mbak driqver shopeefood inisal semangaatt yaa mbak kagum liat cewek kayak mbaknya hehe,ness untuk mbak driqver shopeefood inisal semangaatt ya mbak kagum lihat cewek seperti mbaknya hehe,ness mbak driqver shopeefood inisal semangaatt mbak kagum lihat cewek mbaknya,"['ness', 'mbak', 'driqver', 'shopeefood', 'inisal', 'semangaatt', 'mbak', 'kagum', 'lihat', 'cewek', 'mbaknya']",ness mbak driqver shopeefood inisal semangaatt mbak kagum lihat cewek mbak,6,positif,1.0
2021-11-20 10:00:00+00:00,"Ini cemilan seru untuk teman main game kamu, Share Box McD! Nikmatnya Mentai Sauce &amp; Renyahnya Spicy Seaweed Crunchy Bubbles khas Jepang, dipadu French Fries, Chicken Fingers &amp; Spicy Chicken Bites.

Pesan di McDonald's / McDelivery. Tersedia juga di GrabFood, GoFood &amp; ShopeeFood. https://t.co/y8EzqfVHZt",ini cemilan seru untuk teman main game kamu share box mcd nikmatnya mentai sauce amp renyahnya spicy seaweed crunchy bubbles khas jepang dipadu french fries chicken fingers amp spicy chicken bites pesan di mcdonald mcdelivery tersedia juga di grabfood gofood amp shopeefood,ini cemilan seru untuk teman main game kamu bagikan box mcd nikmatnya mentai sauce amp renyahnya spicy seaweed crunchy bubbles khas jepang dipadu french fries chicken fingers amp spicy chicken bites pesan di mcdonald mcdelivery tersedia juga di grabfood gofood amp shopeefood,cemilan seru teman main game bagikan box mcd nikmatnya mentai sauce renyahnya spicy seaweed crunchy bubbles khas jepang dipadu french fries chicken fingers spicy chicken bites pesan mcdonald mcdelivery tersedia grabfood gofood shopeefood,"['cemilan', 'seru', 'teman', 'main', 'game', 'bagikan', 'box', 'mcd', 'nikmatnya', 'mentai', 'sauce', 'renyahnya', 'spicy', 'seaweed', 'crunchy', 'bubbles', 'khas', 'jepang', 'dipadu', 'french', 'fries', 'chicken', 'fingers', 'spicy', 'chicken', 'bites', 'pesan', 'mcdonald', 'mcdelivery', 'tersedia', 'grabfood', 'gofood', 'shopeefood']",cemilan seru teman main game bagi box mcd nikmat mentai sauce renyah spicy seaweed crunchy bubbles khas jepang padu french fries chicken fingers spicy chicken bites pesan mcdonald mcdelivery sedia grabfood gofood shopeefood,22,positif,1.0
2021-11-20 09:55:31+00:00,"@shopeefood_id @ShopeeID Pesanan shopee food saya dibatalkan sistem, namun shopeepay saya belum kembali udah terpotong, gimana ya???!!",id pesanan shopee food saya dibatalkan sistem namun shopeepay saya belum kembali udah terpotong gimana ya,id pesanan shopee food saya dibatalkan sistem namun shopeepay saya belum kembali sudah terpotong bagaimana ya,id pesanan shopee food dibatalkan sistem shopeepay terpotong,"['id', 'pesanan', 'shopee', 'food', 'dibatalkan', 'sistem', 'shopeepay', 'terpotong']",id pesan shopee food batal sistem shopeepay potong,-9,negatif,0.0
2021-11-20 09:53:38+00:00,"3thn ngekost dirumah ibuk, baru setahunan ini punya temen kost kaya adek sendiri, nanyain mulu makan malem pake apa, minta bareng ke indomart, minta top-upin ovo/shopeefood kalo libur, curhat soal cowo wkwkwk dulu gue paling muda di kosan, eh sekarang tertua ke-2 üëÄ https://t.co/ujr3DHwGAf",thn ngekost dirumah ibuk baru setahunan ini punya temen kost kaya adek sendiri nanyain mulu makan malem pake apa minta bareng ke indomart minta topupin ovoshopeefood kalo libur curhat soal cowo wkwkwk dulu gue paling muda di kosan eh sekarang tertua ke,tahun ngekost dirumah ibuk baru setahunan ini punya teman kost seperti adek sendiri nanyain terus makan malem pakai apa minta bersama ke indomart minta topupin ovoshopeefood kalau libur curhat soal cowo wkwkwk dulu saya paling muda di kosan eh sekarang tertua ke,ngekost dirumah ibuk setahunan teman kost adek nanyain makan malem pakai indomart topupin ovoshopeefood libur curhat cowo wkwkwk muda kosan eh tertua,"['ngekost', 'dirumah', 'ibuk', 'setahunan', 'teman', 'kost', 'adek', 'nanyain', 'makan', 'malem', 'pakai', 'indomart', 'topupin', 'ovoshopeefood', 'libur', 'curhat', 'cowo', 'wkwkwk', 'muda', 'kosan', 'eh', 'tertua']",ngekost rumah ibuk tahun teman kost adek nanyain makan malem pakai indomart topupin ovoshopeefood libur curhat cowo wkwkwk muda kosan eh tua,6,positif,1.0
2021-11-20 09:47:05+00:00,Dari dalam tas ShopeeFood berisi bayi perempuan itu juga ditemukan sepucuk surat yang berisi nama lengkap bayi dan pesan untuk siapapun yang menemukan bayi tersebut. #publisherstory https://t.co/vBrbErDHzS,dari dalam tas shopeefood berisi bayi perempuan itu juga ditemukan sepucuk surat yang berisi nama lengkap bayi dan pesan untuk siapapun yang menemukan bayi tersebut,dari dalam tas shopeefood berisi bayi perempuan itu juga ditemukan sepucuk surat yang berisi nama lengkap bayi dan pesan untuk siapapun yang menemukan bayi tersebut,tas shopeefood berisi bayi perempuan ditemukan sepucuk surat berisi nama lengkap bayi pesan menemukan bayi,"['tas', 'shopeefood', 'berisi', 'bayi', 'perempuan', 'ditemukan', 'sepucuk', 'surat', 'berisi', 'nama', 'lengkap', 'bayi', 'pesan', 'menemukan', 'bayi']",tas shopeefood isi bayi perempuan temu pucuk surat isi nama lengkap bayi pesan temu bayi,3,positif,1.0
2021-11-20 09:41:51+00:00,"@detikcom @ShopeeID tolong di kasih perhatian dedek bayinya, soalanya udah promosiin shopeefood.",tolong di kasih perhatian dedek bayinya soalanya udah promosiin shopeefood,tolong di kasih perhatian dedek bayinya soalanya sudah promosiin shopeefood,tolong kasih perhatian dedek bayinya soalanya promosiin shopeefood,"['tolong', 'kasih', 'perhatian', 'dedek', 'bayinya', 'soalanya', 'promosiin', 'shopeefood']",tolong kasih perhati dedek bayi soalanya promosiin shopeefood,2,positif,1.0
2021-11-20 09:39:55+00:00,ini di gue doang apa gmn skrg shopeefood ongkirnya kenanya mahal bgt walaupun udah pake voucher gratong,ini di gue doang apa gmn skrg shopeefood ongkirnya kenanya mahal bgt walaupun udah pake voucher gratong,ini di saya saja apa bagaimana sekarang shopeefood ongkirnya kenanya mahal begitu walaupun sudah pakai voucher gratong,shopeefood ongkirnya kenanya mahal pakai voucher gratong,"['shopeefood', 'ongkirnya', 'kenanya', 'mahal', 'pakai', 'voucher', 'gratong']",shopeefood ongkirnya kena mahal pakai voucher gratong,1,positif,1.0
2021-11-20 09:39:03+00:00,"Bayi perempuan ditemukan warga Jalan Lingkar Timur, Desa Wadung Asih, Kecamatan Buduran, Kabupaten Sidoarjo. Bayi dalam kondisi masih hidup itu diletakkan dalam tas Shopee Food. #publisherstory https://t.co/koc8l33Xqc",bayi perempuan ditemukan warga jalan lingkar timur desa wadung asih kecamatan buduran kabupaten sidoarjo bayi dalam kondisi masih hidup itu diletakkan dalam tas shopee food,bayi perempuan ditemukan warga jalan lingkar timur desa wadung asih kecamatan buduran kabupaten sidoarjo bayi dalam kondisi masih hidup itu diletakkan dalam tas shopee food,bayi perempuan ditemukan warga jalan lingkar timur desa wadung asih kecamatan buduran kabupaten sidoarjo bayi kondisi hidup diletakkan tas shopee food,"['bayi', 'perempuan', 'ditemukan', 'warga', 'jalan', 'lingkar', 'timur', 'desa', 'wadung', 'asih', 'kecamatan', 'buduran', 'kabupaten', 'sidoarjo', 'bayi', 'kondisi', 'hidup', 'diletakkan', 'tas', 'shopee', 'food']",bayi perempuan temu warga jalan lingkar timur desa wadung asih camat budur kabupaten sidoarjo bayi kondisi hidup letak tas shopee food,-2,negatif,0.0
2021-11-20 09:34:05+00:00,Malu banget. Bisa-bisanya gue manggil mang Grabfood kirain orderan gue padahal gue ordernya lewat Shopeefood ü•≤,malu banget bisabisanya gue manggil mang grabfood kirain orderan gue padahal gue ordernya lewat shopeefood,malu banget bisabisanya saya manggil memang grabfood kirain orderan saya padahal saya ordernya lewat shopeefood,malu banget bisabisanya manggil grabfood kirain orderan ordernya shopeefood,"['malu', 'banget', 'bisabisanya', 'manggil', 'grabfood', 'kirain', 'orderan', 'ordernya', 'shopeefood']",malu banget bisabisanya manggil grabfood kirain order order shopeefood,3,positif,1.0
2021-11-20 09:31:11+00:00,"Lama banget ga beli kokumi, omg thanks shopeefood,
Manfaatkan lah sebanyak2 nya,
Tapi jangan berlebih Wajah dengan air mata bahagia https://t.co/QxflTvFjNq",lama banget ga beli kokumi omg thanks shopeefood manfaatkan lah sebanyak nya tapi jangan berlebih wajah dengan air mata bahagia,lama banget tidak beli kokumi omg thanks shopeefood manfaatkan lah sebanyak nya tapi jangan berlebih wajah dengan air mata bahagia,banget beli kokumi omg thanks shopeefood manfaatkan berlebih wajah air mata bahagia,"['banget', 'beli', 'kokumi', 'omg', 'thanks', 'shopeefood', 'manfaatkan', 'berlebih', 'wajah', 'air', 'mata', 'bahagia']",banget beli kokumi omg thanks shopeefood manfaat lebih wajah air mata bahagia,13,positif,1.0
2021-11-20 09:29:14+00:00,pngn shopeefood tp gue kasian sm abangnya. kejauhan soalnya. resiko tinggal d kampung,pngn shopeefood tp gue kasian sm abangnya kejauhan soalnya resiko tinggal kampung,pngn shopeefood tapi saya kasihan sama abangnya kejauhan soalnya resiko tinggal kampung,pngn shopeefood kasihan abangnya kejauhan resiko tinggal kampung,"['pngn', 'shopeefood', 'kasihan', 'abangnya', 'kejauhan', 'resiko', 'tinggal', 'kampung']",pngn shopeefood kasihan abang jauh resiko tinggal kampung,1,positif,1.0
2021-11-20 09:26:59+00:00,"Bestnya guna shopeefood, free delivery voucher dengan discount voucher boleh guna serentak. Save banyak woooo..",bestnya guna shopeefood free delivery voucher dengan discount voucher boleh guna serentak save banyak woooo,bestnya guna shopeefood free delivery voucher dengan discount voucher boleh guna serentak save banyak woooo,bestnya shopeefood free delivery voucher discount voucher serentak save woooo,"['bestnya', 'shopeefood', 'free', 'delivery', 'voucher', 'discount', 'voucher', 'serentak', 'save', 'woooo']",bestnya shopeefood free delivery voucher discount voucher serentak save woooo,12,positif,1.0
2021-11-20 09:22:30+00:00,hawa nya tu bikin pengen buka shopeefood mulu:) wkwk,hawa nya tu bikin pengen buka shopeefood mulu wkwk,hawa nya itu bikin ingin buka shopeefood terus wkwk,hawa buka shopeefood wkwk,"['hawa', 'buka', 'shopeefood', 'wkwk']",hawa buka shopeefood wkwk,-1,negatif,0.0
2021-11-20 08:57:24+00:00,Pasuruan udah ada shopeefood yeay,pasuruan udah ada shopeefood yeay,pasuruan sudah ada shopeefood yeay,pasuruan shopeefood yeay,"['pasuruan', 'shopeefood', 'yeay']",pasuruan shopeefood yeay,0,netral,2.0
2021-11-20 08:55:59+00:00,"beli lotek 3 bungkus + 1 bungkus rujak totalnya 20k, sukaa bgt sama promo shopeefood üëç",beli lotek bungkus bungkus rujak totalnya k sukaa bgt sama promo shopeefood,beli lotek bungkus bungkus rujak totalnya ke sukaa begitu sama promo shopeefood,beli lotek bungkus bungkus rujak totalnya sukaa promo shopeefood,"['beli', 'lotek', 'bungkus', 'bungkus', 'rujak', 'totalnya', 'sukaa', 'promo', 'shopeefood']",beli lotek bungkus bungkus rujak total sukaa promo shopeefood,5,positif,1.0
2021-11-20 08:49:27+00:00,@tomatkentanggg Wkwk oke ntar tak cobanya prel. Ada promoan kayak shopeefood gt gaa?,wkwk oke ntar tak cobanya prel ada promoan kayak shopeefood gt gaa,wkwk oke nantii tidak cobanya prel ada promoan seperti shopeefood begitu gaa,wkwk oke nantii cobanya prel promoan shopeefood gaa,"['wkwk', 'oke', 'nantii', 'cobanya', 'prel', 'promoan', 'shopeefood', 'gaa']",wkwk oke nanti coba prel promoan shopeefood gaa,2,positif,1.0
2021-11-20 08:43:16+00:00,@kopiisop blm ada shopeefood di sini,blm ada shopeefood di sini,belum ada shopeefood di sini,shopeefood,['shopeefood'],shopeefood,0,netral,2.0
2021-11-20 08:41:53+00:00,"BEAR BOBBA LOWOKWARU

Boba Brown Sugar 13K #BigCup22oz
50% Disc #GrabFood #GoFood

https://t.co/6fplAdGVlD

#InfoKulinerMalang
#LaporLaper
#KulinerHitsMalang
#MalangCulinary
#MalangKuliner
#BobaMalang
#KopiMalang 
#EsTehMalang
#MojitoMalang
#Grab
#GoJek
#Shopee
#ShopeeFood
#BTS https://t.co/0KVk2hfrss",bear bobba lowokwaru boba brown sugar k disc,bear bobba lowokwaru boba brown sugar ke disc,bear bobba lowokwaru boba brown sugar disc,"['bear', 'bobba', 'lowokwaru', 'boba', 'brown', 'sugar', 'disc']",bear bobba lowokwaru boba brown sugar disc,0,netral,2.0
2021-11-20 08:38:00+00:00,@ShopeeID Wkwk min bagi shopeepay 1 yuta buat jajan shopeefood ü§£ü§©ü•∫ü§£,wkwk min bagi shopeepay yuta buat jajan shopeefood,wkwk minimal bagi shopeepay yuta buat jajan shopeefood,wkwk minimal shopeepay yuta jajan shopeefood,"['wkwk', 'minimal', 'shopeepay', 'yuta', 'jajan', 'shopeefood']",wkwk minimal shopeepay yuta jajan shopeefood,-3,negatif,0.0
2021-11-20 08:35:53+00:00,Saldo shopeepay 30K bisa dibeliin shopeefood apa di kota km?,saldo shopeepay k bisa dibeliin shopeefood apa di kota km,saldo shopeepay ke bisa dibeliin shopeefood apa di kota kamu,saldo shopeepay dibeliin shopeefood kota,"['saldo', 'shopeepay', 'dibeliin', 'shopeefood', 'kota']",saldo shopeepay dibeliin shopeefood kota,0,netral,2.0
2021-11-20 08:35:45+00:00,"Pakai jas hujan aja kaya abang grab.
Abang grab aja hujan badai banjir juga pantang menyerah....
Abang driver grabfood,gofood dan shopeefood lebih keren daripada kalian ternyataüòÜüòÜüòÜ https://t.co/aFWm45ecoC",pakai jas hujan aja kaya abang grab abang grab aja hujan badai banjir juga pantang menyerah abang driver grabfoodgofood dan shopeefood lebih keren daripada kalian ternyata,pakai jas hujan aja seperti abang grab abang grab aja hujan badai banjir juga pantang menyerah abang driver grabfoodgofood dan shopeefood lebih keren daripada kalian ternyata,pakai jas hujan abang grab abang grab hujan badai banjir pantang menyerah abang driver grabfoodgofood shopeefood keren,"['pakai', 'jas', 'hujan', 'abang', 'grab', 'abang', 'grab', 'hujan', 'badai', 'banjir', 'pantang', 'menyerah', 'abang', 'driver', 'grabfoodgofood', 'shopeefood', 'keren']",pakai jas hujan abang grab abang grab hujan badai banjir pantang serah abang driver grabfoodgofood shopeefood keren,0,netral,2.0
2021-11-20 08:34:41+00:00,"Min @ShopeeID @shopeefood_id tolong cek semua driver yg mendaftarkan KK-nya ada yg bernama bayi tersebut tidak, jika tidak ada kerahkan korlap2 kita bantu lacak siapa orang tuanya. Thanks min, happy weekend! https://t.co/uV4i6Khpz9",min id tolong cek semua driver yg mendaftarkan kknya ada yg bernama bayi tersebut tidak jika tidak ada kerahkan korlap kita bantu lacak siapa orang tuanya thanks min happy weekend,minimal id tolong cek semua driver yang mendaftarkan kknya ada yang bernama bayi tersebut tidak jika tidak ada kerahkan korlap kita bantu lacak siapa orang tuanya thanks minimal gembira weekend,minimal id tolong cek driver mendaftarkan kknya bernama bayi kerahkan korlap bantu lacak orang tuanya thanks minimal gembira weekend,"['minimal', 'id', 'tolong', 'cek', 'driver', 'mendaftarkan', 'kknya', 'bernama', 'bayi', 'kerahkan', 'korlap', 'bantu', 'lacak', 'orang', 'tuanya', 'thanks', 'minimal', 'gembira', 'weekend']",minimal id tolong cek driver daftar kknya nama bayi kerah korlap bantu lacak orang tua thanks minimal gembira weekend,-2,negatif,0.0
2021-11-20 08:32:58+00:00,"Nak beli makanan dekat shopeefood, Tapi Banyak fast food, nak makan apa ni",nak beli makanan dekat shopeefood tapi banyak fast food nak makan apa ni,nak beli makanan dekat shopeefood tapi banyak fast food nak makan apa ini,nak beli makanan shopeefood fast food nak makan,"['nak', 'beli', 'makanan', 'shopeefood', 'fast', 'food', 'nak', 'makan']",nak beli makan shopeefood fast food nak makan,4,positif,1.0
2021-11-20 08:30:25+00:00,"Order yuk 
banyak diskonnya lho
di
GoFood &amp;
GrabFood &amp;
Shopeefood
ketik Bakul Mimi
Tetap Yang Terbaik
TERIMA PESANAN NASI BOX
DAN PAKET JUMAT BERKAH
HUB : 088211637675
INSYAALLAH BERKAH https://t.co/XOQEiK6xVq",order yuk banyak diskonnya lho di gofood amp grabfood amp shopeefood ketik bakul mimi tetap yang terbaik terima pesanan nasi box dan paket jumat berkah hub insyaallah berkah,order yuk banyak diskonnya lho di gofood amp grabfood amp shopeefood ketik bakul mimi tetap yang terbaik terima pesanan nasi box dan paket jumat berkah hubungan insyaa allah berkah,order yuk diskonnya lho gofood grabfood shopeefood ketik bakul mimi terbaik terima pesanan nasi box paket jumat berkah hubungan insyaa allah berkah,"['order', 'yuk', 'diskonnya', 'lho', 'gofood', 'grabfood', 'shopeefood', 'ketik', 'bakul', 'mimi', 'terbaik', 'terima', 'pesanan', 'nasi', 'box', 'paket', 'jumat', 'berkah', 'hubungan', 'insyaa', 'allah', 'berkah']",order yuk diskon lho gofood grabfood shopeefood ketik bakul mimi baik terima pesan nasi box paket jumat berkah hubung insyaa allah berkah,35,positif,1.0
2021-11-20 08:29:29+00:00,"Order yuk 
banyak diskonnya lho
di
GoFood &amp;
GrabFood &amp;
Shopeefood
ketik Bakul Mimi
Tetap Yang Terbaik
TERIMA PESANAN NASI BOX
DAN PAKET JUMAT BERKAH
HUB : 088211637675
INSYAALLAH BERKAH https://t.co/ZeNulDtOPQ",order yuk banyak diskonnya lho di gofood amp grabfood amp shopeefood ketik bakul mimi tetap yang terbaik terima pesanan nasi box dan paket jumat berkah hub insyaallah berkah,order yuk banyak diskonnya lho di gofood amp grabfood amp shopeefood ketik bakul mimi tetap yang terbaik terima pesanan nasi box dan paket jumat berkah hubungan insyaa allah berkah,order yuk diskonnya lho gofood grabfood shopeefood ketik bakul mimi terbaik terima pesanan nasi box paket jumat berkah hubungan insyaa allah berkah,"['order', 'yuk', 'diskonnya', 'lho', 'gofood', 'grabfood', 'shopeefood', 'ketik', 'bakul', 'mimi', 'terbaik', 'terima', 'pesanan', 'nasi', 'box', 'paket', 'jumat', 'berkah', 'hubungan', 'insyaa', 'allah', 'berkah']",order yuk diskon lho gofood grabfood shopeefood ketik bakul mimi baik terima pesan nasi box paket jumat berkah hubung insyaa allah berkah,35,positif,1.0
2021-11-20 08:22:06+00:00,ShopeeFood ni app baru ke boleh guna app Shopee yg sama?,shopeefood ni app baru ke boleh guna app shopee yg sama,shopeefood ini aplikasi baru ke boleh guna aplikasi shopee yang sama,shopeefood aplikasi aplikasi shopee,"['shopeefood', 'aplikasi', 'aplikasi', 'shopee']",shopeefood aplikasi aplikasi shopee,-8,negatif,0.0
2021-11-20 08:19:05+00:00,@vanillalatt6e Aku baru tau barusan di domku ada shopeefood masa üò≠üò≠,aku baru tau barusan di domku ada shopeefood masa,saya baru tahu barusan di domku ada shopeefood masa,barusan domku shopeefood,"['barusan', 'domku', 'shopeefood']",barusan dom shopeefood,0,netral,2.0
2021-11-20 08:10:39+00:00,@shopeefood_id-date seru nih kayanya malming tar.. cuman ya gmn ya üòÖ,iddate seru nih kayanya malming tar cuman ya gmn ya,iddate seru ini sepertinya malming nanti cuman ya bagaimana ya,iddate seru malming cuman,"['iddate', 'seru', 'malming', 'cuman']",iddate seru malming cuman,5,positif,1.0
2021-11-20 08:00:55+00:00,@kuchengjantan Aku blm pernah mam ini jg hahahahaha üòÇ dimana ada gituaaann di shopeefood ga ada td aku cari,aku blm pernah mam ini jg hahahahaha dimana ada gituaaann di shopeefood ga ada td aku cari,saya belum pernah mam ini juga hahahahaha dimana ada gituaaann di shopeefood tidak ada td saya cari,mam hahahahaha dimana gituaaann shopeefood td cari,"['mam', 'hahahahaha', 'dimana', 'gituaaann', 'shopeefood', 'td', 'cari']",mam hahahahaha mana gituaaann shopeefood td cari,-8,negatif,0.0
2021-11-20 07:52:26+00:00,"@goldensseuregi Hi Kak @goldensseuregi maaf atas kendala nya, utk pesanan ShopeeFood kakak yg berkendala, yuk infoin SS ShopeePay yg sudah terpotong &amp; utk Nomor Pesanan nya ke DM mimin ya &amp; mimin sarankan Kakak bisa lakukan Clear Cache di aplikasi Shopee kakak. Mimin tunggu DM nya yaüôè^JN",hi kak maaf atas kendala nya utk pesanan shopeefood kakak yg berkendala yuk infoin ss shopeepay yg sudah terpotong amp utk nomor pesanan nya ke dm mimin ya amp mimin sarankan kakak bisa lakukan clear cache di aplikasi shopee kakak mimin tunggu dm nya yajn,hi kak maaf atas kendala nya untuk pesanan shopeefood kakak yang berkendala yuk infoin ss shopeepay yang sudah terpotong amp untuk nomor pesanan nya ke dm admin ya amp admin sarankan kakak bisa lakukan selesai cache di aplikasi shopee kakak admin tunggu dm nya yajn,hi kak maaf kendala pesanan shopeefood kakak berkendala yuk infoin ss shopeepay terpotong nomor pesanan dm admin admin sarankan kakak lakukan selesai cache aplikasi shopee kakak admin tunggu dm yajn,"['hi', 'kak', 'maaf', 'kendala', 'pesanan', 'shopeefood', 'kakak', 'berkendala', 'yuk', 'infoin', 'ss', 'shopeepay', 'terpotong', 'nomor', 'pesanan', 'dm', 'admin', 'admin', 'sarankan', 'kakak', 'lakukan', 'selesai', 'cache', 'aplikasi', 'shopee', 'kakak', 'admin', 'tunggu', 'dm', 'yajn']",hi kak maaf kendala pesan shopeefood kakak kendala yuk infoin ss shopeepay potong nomor pesan dm admin admin saran kakak laku selesai cache aplikasi shopee kakak admin tunggu dm yajn,10,positif,1.0
2021-11-20 07:48:48+00:00,"@mas_wahid17 @txtdarionlshop iya donggg ada shopeefood, gofood, grabfood üíÉüíÉ",wahid iya donggg ada shopeefood gofood grabfood,wahid iya donggg ada shopeefood gofood grabfood,wahid iya donggg shopeefood gofood grabfood,"['wahid', 'iya', 'donggg', 'shopeefood', 'gofood', 'grabfood']",wahid iya donggg shopeefood gofood grabfood,0,netral,2.0
2021-11-20 07:26:30+00:00,"@GGWDJJ Hi Kak, ada yg bisa mimin bantu terkait ShopeeFood? yuk infoin detail kendalanya ke mimin di dm, mimin tunggu yaaüôè ^WA",hi kak ada yg bisa mimin bantu terkait shopeefood yuk infoin detail kendalanya ke mimin di dm mimin tunggu yaa wa,hi kak ada yang bisa admin bantu terkait shopeefood yuk infoin detail kendalanya ke admin di dm admin tunggu ya saya,hi kak admin bantu terkait shopeefood yuk infoin detail kendalanya admin dm admin tunggu,"['hi', 'kak', 'admin', 'bantu', 'terkait', 'shopeefood', 'yuk', 'infoin', 'detail', 'kendalanya', 'admin', 'dm', 'admin', 'tunggu']",hi kak admin bantu kait shopeefood yuk infoin detail kendala admin dm admin tunggu,12,positif,1.0
2021-11-20 07:25:37+00:00,"üßïüèª(liat ig andreadianbimo) badannya andrea sama bimo bagus bgt sih skg
ü§µ‚Äç‚ôÇÔ∏èiya olahraga terus 
üßïüèªyuk kita gitu juga 
ü§µ‚Äç‚ôÇÔ∏ègitu juga tapi shopeefood terus 
üßïüèªü•≤",liat ig andreadianbimo badannya andrea sama bimo bagus bgt sih skg iya olahraga terus yuk kita gitu juga gitu juga tapi shopeefood terus,lihat ig andreadianbimo badannya andrea sama bimo bagus begitu sih sekarang iya olahraga terus yuk kita begitu juga begitu juga tapi shopeefood terus,lihat ig andreadianbimo badannya andrea bimo bagus iya olahraga yuk shopeefood,"['lihat', 'ig', 'andreadianbimo', 'badannya', 'andrea', 'bimo', 'bagus', 'iya', 'olahraga', 'yuk', 'shopeefood']",lihat ig andreadianbimo badan andrea bimo bagus iya olahraga yuk shopeefood,6,positif,1.0
2021-11-20 07:22:47+00:00,Pesen shopeefood udh sejam lbh kgk nyampe2 üôÑ,pesen shopeefood udh sejam lbh kgk nyampe,pesan shopeefood sudah sejam lebih tidak sampai,pesan shopeefood sejam,"['pesan', 'shopeefood', 'sejam']",pesan shopeefood jam,2,positif,1.0
2021-11-20 07:08:25+00:00,"Mau order semuanyaaa üò≠menggoda seleraüòãüëç
.
Yuk order Geprek Bensu, banyak banget promo yang bisa kamu nikmati lohü§©
.
Bisa datang ke outlet Geprek Bensu langsung atau order via Grabfood, Gofood, Shopeefood &amp; EatsbyTraveloka yaüòâ
.
#geprekbensu #senangprodukindonesia #opp https://t.co/EZL1s9siuT",mau order semuanyaaa menggoda selera yuk order geprek bensu banyak banget promo yang bisa kamu nikmati loh bisa datang ke outlet geprek bensu langsung atau order via grabfood gofood shopeefood amp eatsbytraveloka ya,mau order semuanyaaa menggoda selera yuk order geprek bensu banyak banget promo yang bisa kamu nikmati loh bisa datang ke outlet geprek bensu langsung atau order via grabfood gofood shopeefood amp eatsbytraveloka ya,order semuanyaaa menggoda selera yuk order geprek bensu banget promo nikmati outlet geprek bensu langsung order via grabfood gofood shopeefood eatsbytraveloka,"['order', 'semuanyaaa', 'menggoda', 'selera', 'yuk', 'order', 'geprek', 'bensu', 'banget', 'promo', 'nikmati', 'outlet', 'geprek', 'bensu', 'langsung', 'order', 'via', 'grabfood', 'gofood', 'shopeefood', 'eatsbytraveloka']",order semuanyaaa goda selera yuk order geprek bensu banget promo nikmat outlet geprek bensu langsung order via grabfood gofood shopeefood eatsbytraveloka,19,positif,1.0
2021-11-20 06:55:23+00:00,@FOODFESS2 Mixue ada ngga ya di grabfood? Kalo di gofood sama shopeefood adaa,mixue ada ngga ya di grabfood kalo di gofood sama shopeefood adaa,mixue ada tidak ya di grabfood kalau di gofood sama shopeefood adaa,mixue grabfood gofood shopeefood adaa,"['mixue', 'grabfood', 'gofood', 'shopeefood', 'adaa']",mixue grabfood gofood shopeefood adaa,0,netral,2.0
2021-11-20 06:51:35+00:00,drtd pesen grab/gofood/shopeefood ga ad yg nerima sama skaliüò≠üò≠,drtd pesen grabgofoodshopeefood ga ad yg nerima sama skali,drtd pesan grabgofoodshopeefood tidak ada yang nerima sama sekali,drtd pesan grabgofoodshopeefood nerima,"['drtd', 'pesan', 'grabgofoodshopeefood', 'nerima']",drtd pesan grabgofoodshopeefood nerima,2,positif,1.0
2021-11-20 06:51:04+00:00,"Order yuk 
banyak diskonnya lho
di
GoFood &amp;
GrabFood &amp;
Shopeefood
ketik Bakul Mimi
Tetap Yang Terbaik
TERIMA PESANAN NASI BOX
DAN PAKET JUMAT BERKAH
HUB : 088211637675
INSYAALLAH BERKAH https://t.co/OpauNeTgsq",order yuk banyak diskonnya lho di gofood amp grabfood amp shopeefood ketik bakul mimi tetap yang terbaik terima pesanan nasi box dan paket jumat berkah hub insyaallah berkah,order yuk banyak diskonnya lho di gofood amp grabfood amp shopeefood ketik bakul mimi tetap yang terbaik terima pesanan nasi box dan paket jumat berkah hubungan insyaa allah berkah,order yuk diskonnya lho gofood grabfood shopeefood ketik bakul mimi terbaik terima pesanan nasi box paket jumat berkah hubungan insyaa allah berkah,"['order', 'yuk', 'diskonnya', 'lho', 'gofood', 'grabfood', 'shopeefood', 'ketik', 'bakul', 'mimi', 'terbaik', 'terima', 'pesanan', 'nasi', 'box', 'paket', 'jumat', 'berkah', 'hubungan', 'insyaa', 'allah', 'berkah']",order yuk diskon lho gofood grabfood shopeefood ketik bakul mimi baik terima pesan nasi box paket jumat berkah hubung insyaa allah berkah,35,positif,1.0
2021-11-20 06:50:45+00:00,"Order yuk 
banyak diskonnya lho
di
GoFood &amp;
GrabFood &amp;
Shopeefood
ketik Bakul Mimi
Tetap Yang Terbaik
TERIMA PESANAN NASI BOX
DAN PAKET JUMAT BERKAH
HUB : 088211637675
INSYAALLAH BERKAH",order yuk banyak diskonnya lho di gofood amp grabfood amp shopeefood ketik bakul mimi tetap yang terbaik terima pesanan nasi box dan paket jumat berkah hub insyaallah berkah,order yuk banyak diskonnya lho di gofood amp grabfood amp shopeefood ketik bakul mimi tetap yang terbaik terima pesanan nasi box dan paket jumat berkah hubungan insyaa allah berkah,order yuk diskonnya lho gofood grabfood shopeefood ketik bakul mimi terbaik terima pesanan nasi box paket jumat berkah hubungan insyaa allah berkah,"['order', 'yuk', 'diskonnya', 'lho', 'gofood', 'grabfood', 'shopeefood', 'ketik', 'bakul', 'mimi', 'terbaik', 'terima', 'pesanan', 'nasi', 'box', 'paket', 'jumat', 'berkah', 'hubungan', 'insyaa', 'allah', 'berkah']",order yuk diskon lho gofood grabfood shopeefood ketik bakul mimi baik terima pesan nasi box paket jumat berkah hubung insyaa allah berkah,35,positif,1.0
2021-11-20 06:40:30+00:00,"BEAR BOBBA LOWOKWARU

Cinnamon Roll Macchiato 18K #BigCup22oz
50% Disc #GrabFood #GoFood

https://t.co/6fplAdGVlD

#InfoKulinerMalang
#LaporLaper
#KulinerHitsMalang
#MalangCulinary
#MalangKuliner
#BobaMalang
#KopiMalang 
#EsTehMalang
#MojitoMalang
#Grab
#GoJek
#ShopeeFood
#BTS https://t.co/YbKIVQyviK",bear bobba lowokwaru cinnamon roll macchiato k disc,bear bobba lowokwaru cinnamon roll macchiato ke disc,bear bobba lowokwaru cinnamon roll macchiato disc,"['bear', 'bobba', 'lowokwaru', 'cinnamon', 'roll', 'macchiato', 'disc']",bear bobba lowokwaru cinnamon roll macchiato disc,0,netral,2.0
2021-11-20 06:37:30+00:00,ShopeeFood is better than Foodpanda. Haa naik kan laaa lagi delivery fee tu üòå,shopeefood is better than foodpanda haa naik kan laaa lagi delivery fee tu,shopeefood is better than foodpanda haa naik kan laaa lagi delivery fee itu,shopeefood better foodpanda haa laaa delivery fee,"['shopeefood', 'better', 'foodpanda', 'haa', 'laaa', 'delivery', 'fee']",shopeefood better foodpanda haa laaa delivery fee,2,positif,1.0
2021-11-20 06:29:05+00:00,"voucher shopeefood nih kalo mau dm aja 

#zonaba #zonajajan #zonauangÔ∏è https://t.co/5A4fpWgcW6",voucher shopeefood nih kalo mau dm aja,voucher shopeefood ini kalau mau dm aja,voucher shopeefood dm,"['voucher', 'shopeefood', 'dm']",voucher shopeefood dm,3,positif,1.0
2021-11-20 06:21:38+00:00,@bertanyarl Culture shock gw adalah pas Milih makan apa :) gila dari pagi sampek jam 12 siang cuman scroll2 grab/gojek/shopeefood doangüòÜ dan akhirnya kenyang liat gambar üò≠,culture shock gw adalah pas milih makan apa gila dari pagi sampek jam siang cuman scroll grabgojekshopeefood doang dan akhirnya kenyang liat gambar,culture shock saya adalah pas pilih makan apa gila dari pagi sampai jam siang cuman scroll grabgojekshopeefood saja dan akhirnya kenyang lihat gambar,culture shock pas pilih makan gila pagi jam siang cuman scroll grabgojekshopeefood kenyang lihat gambar,"['culture', 'shock', 'pas', 'pilih', 'makan', 'gila', 'pagi', 'jam', 'siang', 'cuman', 'scroll', 'grabgojekshopeefood', 'kenyang', 'lihat', 'gambar']",culture shock pas pilih makan gila pagi jam siang cuman scroll grabgojekshopeefood kenyang lihat gambar,14,positif,1.0
2021-11-20 06:17:19+00:00,"ini shopeefood kok aneh yaa eror kahhh , mau beli nasi ehh shopeepay ludes gt aja ga balik https://t.co/LQdwdHN1U1",ini shopeefood kok aneh yaa eror kahhh mau beli nasi ehh shopeepay ludes gt aja ga balik,ini shopeefood kok aneh ya eror kahhh mau beli nasi ehh shopeepay habis begitu aja tidak balik,shopeefood aneh eror kahhh beli nasi ehh shopeepay habis,"['shopeefood', 'aneh', 'eror', 'kahhh', 'beli', 'nasi', 'ehh', 'shopeepay', 'habis']",shopeefood aneh eror kahhh beli nasi ehh shopeepay habis,7,positif,1.0
2021-11-20 06:16:58+00:00,Shopeefood ni permudah reja betuiiiii,shopeefood ni permudah reja betuiiiii,shopeefood ini permudah reja betuiiiii,shopeefood permudah reja betuiiiii,"['shopeefood', 'permudah', 'reja', 'betuiiiii']",shopeefood mudah reja betuiiiii,4,positif,1.0
2021-11-20 06:15:28+00:00,Akhirnya shopeefood ga batalinüò≠üò≠üò≠üò≠üíúüíúüíú https://t.co/LZL1tIRZYn,akhirnya shopeefood ga batalin,akhirnya shopeefood tidak batalin,shopeefood batalin,"['shopeefood', 'batalin']",shopeefood batalin,0,netral,2.0
2021-11-20 06:11:57+00:00,"kalo ada tugas atau kerjaan, dikerjain bareng
kalo laper, masak bareng atau cari diskonan shopeefood
kalo ada pikiran, diobrolin bareng sambil deeptalk
kalo capek, ya pelukan, cuddle terus ketiduran bareng https://t.co/hF7EvDJqTv",kalo ada tugas atau kerjaan dikerjain bareng kalo laper masak bareng atau cari diskonan shopeefood kalo ada pikiran diobrolin bareng sambil deeptalk kalo capek ya pelukan cuddle terus ketiduran bareng,kalau ada tugas atau kerjaan dikerjain bersama kalau laper masa bersama atau cari diskonan shopeefood kalau ada pikiran diobrolin bersama sambil deeptalk kalau capek ya pelukan cuddle terus ketiduran bersama,tugas kerjaan dikerjain laper cari diskonan shopeefood pikiran diobrolin deeptalk capek pelukan cuddle ketiduran,"['tugas', 'kerjaan', 'dikerjain', 'laper', 'cari', 'diskonan', 'shopeefood', 'pikiran', 'diobrolin', 'deeptalk', 'capek', 'pelukan', 'cuddle', 'ketiduran']",tugas kerja dikerjain laper cari diskon shopeefood pikir diobrolin deeptalk capek peluk cuddle tidur,2,positif,1.0
2021-11-20 06:05:32+00:00,"sekarang 52kg yayyyy!!!! udah turun 13,5kg tanpa diet, maaci Ceyyyyyü§é padahal tiap hari nge shopeefood terus siang malem wkwkwk, love u Cey miknya pinter bgt sampe hampir balik ke bb awal sebelum hamiduwn ü§åüèº",sekarang kg yayyyy udah turun kg tanpa diet maaci ceyyyyy padahal tiap hari nge shopeefood terus siang malem wkwkwk love cey miknya pinter bgt sampe hampir balik ke bb awal sebelum hamiduwn,sekarang kg yayyyy sudah turun kg tanpa diet maaci ceyyyyy padahal setiap hari nge shopeefood terus siang malem wkwkwk cinta cey miknya pintar begitu sampai hampir balik ke bb awal sebelum hamiduwn,kg yayyyy turun kg diet maaci ceyyyyy nge shopeefood siang malem wkwkwk cinta cey miknya pintar bb hamiduwn,"['kg', 'yayyyy', 'turun', 'kg', 'diet', 'maaci', 'ceyyyyy', 'nge', 'shopeefood', 'siang', 'malem', 'wkwkwk', 'cinta', 'cey', 'miknya', 'pintar', 'bb', 'hamiduwn']",kg yayyyy turun kg diet maaci ceyyyyy nge shopeefood siang malem wkwkwk cinta cey mik pintar bb hamiduwn,3,positif,1.0
2021-11-20 06:02:52+00:00,"@bertinder :(

Btw Kak, urusan makan area Jakarta dsk kasih ke ricebox wagyu sambel ijo nya Senja aja ya Kak! Available di ShopeeFood/GoFood/GrabFood (search : senjayummy) https://t.co/Xv1QgtWU17",btw kak urusan makan area jakarta dsk kasih ke ricebox wagyu sambel ijo nya senja aja ya kak available di shopeefoodgofoodgrabfood search senjayummy,ngomong-ngomong kak urusan makan area jakarta dsk kasih ke ricebox wagyu sambel ijo nya senja aja ya kak available di shopeefoodgofoodgrabfood search senjayummy,ngomong-ngomong kak urusan makan area jakarta dsk kasih ricebox wagyu sambel ijo senja kak available shopeefoodgofoodgrabfood search senjayummy,"['ngomong-ngomong', 'kak', 'urusan', 'makan', 'area', 'jakarta', 'dsk', 'kasih', 'ricebox', 'wagyu', 'sambel', 'ijo', 'senja', 'kak', 'available', 'shopeefoodgofoodgrabfood', 'search', 'senjayummy']",ngomong-ngomong kak urus makan area jakarta dsk kasih ricebox wagyu sambel ijo senja kak available shopeefoodgofoodgrabfood search senjayummy,1,positif,1.0
2021-11-20 06:02:47+00:00,"@christaline_ Blm ka , lgi liht menu"" di shopeefood nih",blm ka lgi liht menu di shopeefood nih,belum ka lagi liht menu di shopeefood ini,ka liht menu shopeefood,"['ka', 'liht', 'menu', 'shopeefood']",ka liht menu shopeefood,0,netral,2.0
2021-11-20 06:02:09+00:00,"@atmanug ü§£ü§£ü§£ü§£

Btw Kak, urusan makan area Jakarta dsk kasih ke ricebox wagyu sambel ijo nya Senja aja ya Kak! Available di ShopeeFood/GoFood/GrabFood (search : senjayummy) https://t.co/0iNFevZqeT",btw kak urusan makan area jakarta dsk kasih ke ricebox wagyu sambel ijo nya senja aja ya kak available di shopeefoodgofoodgrabfood search senjayummy,ngomong-ngomong kak urusan makan area jakarta dsk kasih ke ricebox wagyu sambel ijo nya senja aja ya kak available di shopeefoodgofoodgrabfood search senjayummy,ngomong-ngomong kak urusan makan area jakarta dsk kasih ricebox wagyu sambel ijo senja kak available shopeefoodgofoodgrabfood search senjayummy,"['ngomong-ngomong', 'kak', 'urusan', 'makan', 'area', 'jakarta', 'dsk', 'kasih', 'ricebox', 'wagyu', 'sambel', 'ijo', 'senja', 'kak', 'available', 'shopeefoodgofoodgrabfood', 'search', 'senjayummy']",ngomong-ngomong kak urus makan area jakarta dsk kasih ricebox wagyu sambel ijo senja kak available shopeefoodgofoodgrabfood search senjayummy,1,positif,1.0
2021-11-20 05:47:43+00:00,"maaf banget pake ht. ada yang dom depok (jabar) dan pernah pake shopeefood? kalo ada, bersedia bantu aku isi kuesioner penelitian ilmiah? nanti aku dm linknya.. #zonauang makasih sebelumnya",maaf banget pake ht ada yang dom depok jabar dan pernah pake shopeefood kalo ada bersedia bantu aku isi kuesioner penelitian ilmiah nanti aku dm linknya makasih sebelumnya,maaf banget pakai ht ada yang dom depok jabar dan pernah pakai shopeefood kalau ada bersedia bantu saya isi kuesioner penelitian ilmiah nanti saya dm linknya makasih sebelumnya,maaf banget pakai ht dom depok jabar pakai shopeefood bersedia bantu isi kuesioner penelitian ilmiah dm linknya makasih,"['maaf', 'banget', 'pakai', 'ht', 'dom', 'depok', 'jabar', 'pakai', 'shopeefood', 'bersedia', 'bantu', 'isi', 'kuesioner', 'penelitian', 'ilmiah', 'dm', 'linknya', 'makasih']",maaf banget pakai ht dom depok jabar pakai shopeefood sedia bantu isi kuesioner teliti ilmiah dm linknya makasih,17,positif,1.0
2021-11-20 05:43:12+00:00,@collegemenfess mitra shopeefood driver... kalo lagi sibuk/males2an dapet segini https://t.co/TKCq2fzDlT,mitra shopeefood driver kalo lagi sibukmalesan dapet segini,mitra shopeefood driver kalau lagi sibukmalesan dapat segini,mitra shopeefood driver sibukmalesan segini,"['mitra', 'shopeefood', 'driver', 'sibukmalesan', 'segini']",mitra shopeefood driver sibukmalesan gin,2,positif,1.0
2021-11-20 05:41:44+00:00,@shopeefood_id @ShopeePay_ID dari tadi erornya ga selesai2 :( laper akutu :( udh kepotong shopeepaynya tapi di shopee food masih waiting payment. yakali setengah jam wating payment :(,id id dari tadi erornya ga selesai laper akutu udh kepotong shopeepaynya tapi di shopee food masih waiting payment yakali setengah jam wating payment,id id dari tadi erornya tidak selesai laper akutu sudah kepotong shopeepaynya tapi di shopee food masih waiting payment yakali setengah jam wating payment,id id erornya selesai laper akutu kepotong shopeepaynya shopee food waiting payment yakali jam wating payment,"['id', 'id', 'erornya', 'selesai', 'laper', 'akutu', 'kepotong', 'shopeepaynya', 'shopee', 'food', 'waiting', 'payment', 'yakali', 'jam', 'wating', 'payment']",id id eror selesai laper akutu potong shopeepaynya shopee food waiting payment yakali jam wating payment,-10,negatif,0.0
2021-11-20 05:32:00+00:00,"@frauu__ @bertanyarl kaaakküò≠
aku kuliah pendidikan tp gaberani parttime nge les in pdhl banyak yg nawarin channel
malah nyarinya lowongan kasir2 gt sm minuman kekinian, tp ketolak semuaaüò≠
&amp; skrg lagi nunggu panggilan shopeefoodüò≠
smg ga ketolak  jugaaüò≠
miris bgt ga sih kalo gatau passion nya apaa",kaaakk aku kuliah pendidikan tp gaberani parttime nge les in pdhl banyak yg nawarin channel malah nyarinya lowongan kasir gt sm minuman kekinian tp ketolak semuaa amp skrg lagi nunggu panggilan shopeefood smg ga ketolak jugaa miris bgt ga sih kalo gatau passion nya apaa,kaaakk saya kuliah pendidikan tapi gaberani parttime nge les in padahal banyak yang nawarin channel malah nyarinya lowongan kasir begitu sama minuman kekinian tapi ketolak semua amp sekarang lagi nunggu panggilan shopeefood semoga tidak ketolak jugaa miris begitu tidak sih kalau tidak tahu passion nya apaa,kaaakk kuliah pendidikan gaberani parttime nge les nawarin channel nyarinya lowongan kasir minuman kekinian ketolak nunggu panggilan shopeefood semoga ketolak jugaa miris passion apaa,"['kaaakk', 'kuliah', 'pendidikan', 'gaberani', 'parttime', 'nge', 'les', 'nawarin', 'channel', 'nyarinya', 'lowongan', 'kasir', 'minuman', 'kekinian', 'ketolak', 'nunggu', 'panggilan', 'shopeefood', 'semoga', 'ketolak', 'jugaa', 'miris', 'passion', 'apaa']",kaaakk kuliah didik gaberani parttime nge les nawarin channel nyarinya lowong kasir minum kini tolak nunggu panggil shopeefood moga tolak jugaa miris passion apaa,-7,negatif,0.0
2021-11-20 05:29:48+00:00,"@shopeefood_id Min mau tanya, cara tambah menu di shopeepartner gimana?",id min mau tanya cara tambah menu di shopeepartner gimana,id minimal mau tanya cara tambah menu di shopeepartner bagaimana,id minimal menu shopeepartner,"['id', 'minimal', 'menu', 'shopeepartner']",id minimal menu shopeepartner,-3,negatif,0.0
2021-11-20 05:25:39+00:00,"BEAR BOBBA LOWOKWARU / BLIMBING

Boba Double Salted Caramel  15K #BigCup22oz
50% Disc #GrabFood #GoFood

https://t.co/6fplAdGVlD

#InfoKulinerMalang
#LaporLaper
#KulinerHitsMalang
#MalangCulinary
#BobaMalang
#KopiMalang 
#EsTehMalang
#MojitoMalang
#Grab
#GoJek
#Shopee
#ShopeeFood https://t.co/XVl9TFTPZK",bear bobba lowokwaru blimbing boba double salted caramel k disc,bear bobba lowokwaru blimbing boba double salted caramel ke disc,bear bobba lowokwaru blimbing boba double salted caramel disc,"['bear', 'bobba', 'lowokwaru', 'blimbing', 'boba', 'double', 'salted', 'caramel', 'disc']",bear bobba lowokwaru blimbing boba double salted caramel disc,0,netral,2.0
2021-11-20 05:21:14+00:00,makan apa deh ya hari ini? udah satu jam ngescroll makanan di shopeefood,makan apa deh ya hari ini udah satu jam ngescroll makanan di shopeefood,makan apa deh ya hari ini sudah satu jam ngescroll makanan di shopeefood,makan deh jam ngescroll makanan shopeefood,"['makan', 'deh', 'jam', 'ngescroll', 'makanan', 'shopeefood']",makan deh jam ngescroll makan shopeefood,2,positif,1.0
2021-11-20 05:16:50+00:00,"@eajday Hai kak , Maaf banget ya Kak terkait kendala dimana Kakak tidak bisa memproses pesanan ShopeeFood menggunakan ShopeePay, padahal ShopeePay Kakak sudah aktif. Jangan khawatir, tim Shopee sedang memperbaiki kondisi ini. Mohon coba berkala ya kak, met siang :) ^FO",hai kak maaf banget ya kak terkait kendala dimana kakak tidak bisa memproses pesanan shopeefood menggunakan shopeepay padahal shopeepay kakak sudah aktif jangan khawatir tim shopee sedang memperbaiki kondisi ini mohon coba berkala ya kak met siang fo,hai kak maaf banget ya kak terkait kendala dimana kakak tidak bisa memproses pesanan shopeefood menggunakan shopeepay padahal shopeepay kakak sudah aktif jangan khawatir tim shopee sedang memperbaiki kondisi ini mohon coba berkala ya kak selamat siang fo,hai kak maaf banget kak terkait kendala dimana kakak memproses pesanan shopeefood shopeepay shopeepay kakak aktif khawatir tim shopee memperbaiki kondisi mohon coba berkala kak selamat siang fo,"['hai', 'kak', 'maaf', 'banget', 'kak', 'terkait', 'kendala', 'dimana', 'kakak', 'memproses', 'pesanan', 'shopeefood', 'shopeepay', 'shopeepay', 'kakak', 'aktif', 'khawatir', 'tim', 'shopee', 'memperbaiki', 'kondisi', 'mohon', 'coba', 'berkala', 'kak', 'selamat', 'siang', 'fo']",hai kak maaf banget kak kait kendala mana kakak proses pesan shopeefood shopeepay shopeepay kakak aktif khawatir tim shopee baik kondisi mohon coba kala kak selamat siang fo,21,positif,1.0
2021-11-20 05:14:52+00:00,Try shopeefood jap. Murah banyak sebab discount tengah banyak! https://t.co/pwSdGpSy8k,try shopeefood jap murah banyak sebab discount tengah banyak,try shopeefood jap murah banyak sebab discount tengah banyak,try shopeefood jap murah discount,"['try', 'shopeefood', 'jap', 'murah', 'discount']",try shopeefood jap murah discount,3,positif,1.0
2021-11-20 05:10:02+00:00,siang-siang menghadapi driver shopeefood yang bikin naik darahüëπ,siangsiang menghadapi driver shopeefood yang bikin naik darah,siangsiang menghadapi driver shopeefood yang bikin naik darah,siangsiang menghadapi driver shopeefood darah,"['siangsiang', 'menghadapi', 'driver', 'shopeefood', 'darah']",siangsiang hadap driver shopeefood darah,4,positif,1.0
2021-11-20 05:09:18+00:00,@shopeefood_id minn ini kenapaa udah cobaa berulang kali gabisaa huhuu laper bgtüò≠ udh update yg terbaru udah clear cache shopee jugaa :((( https://t.co/VhcALVBaE3,id minn ini kenapaa udah cobaa berulang kali gabisaa huhuu laper bgt udh update yg terbaru udah clear cache shopee jugaa,id minn ini kenapaa sudah cobaa berulang kali gabisaa huhuu laper begitu sudah update yang terbaru sudah selesai cache shopee jugaa,id minn kenapaa cobaa berulang kali gabisaa huhuu laper update terbaru selesai cache shopee jugaa,"['id', 'minn', 'kenapaa', 'cobaa', 'berulang', 'kali', 'gabisaa', 'huhuu', 'laper', 'update', 'terbaru', 'selesai', 'cache', 'shopee', 'jugaa']",id minn kenapaa cobaa ulang kali gabisaa huhuu laper update baru selesai cache shopee jugaa,-5,negatif,0.0
2021-11-20 05:09:00+00:00,Siapa pernah jadi rider shopeefood?,siapa pernah jadi rider shopeefood,siapa pernah jadi rider shopeefood,rider shopeefood,"['rider', 'shopeefood']",rider shopeefood,0,netral,2.0
2021-11-20 04:54:03+00:00,@abnormie_ @shopeefood_id Shopee food tdk menerima promoüôèüèª,id shopee food tdk menerima promo,id shopee food tidak menerima promo,id shopee food menerima promo,"['id', 'shopee', 'food', 'menerima', 'promo']",id shopee food terima promo,5,positif,1.0
2021-11-20 04:52:47+00:00,"Semangat siang semua..
cc @shopeefood_id @ShopeeID @ShopeeCare @GrabID 

Salam,
@bebekmenetas_  üôè
#partner #merchant #Online #kuliner #surabaya #suroboyo #bebek #bebeksurabaya #bebekmenetassurabaya #bebekmenetas #thanks #support https://t.co/xzqeItuTHl",semangat siang semua cc id salam,semangat siang semua cc id salam,semangat siang cc id salam,"['semangat', 'siang', 'cc', 'id', 'salam']",semangat siang cc id salam,4,positif,1.0
2021-11-20 04:51:24+00:00,@FOOD_FESS kok bisa gitu gimana si? aku kalau vocer shopeefood pasti 18/20 aja:(,fess kok bisa gitu gimana si aku kalau vocer shopeefood pasti aja,fess kok bisa begitu bagaimana si saya kalau vocer shopeefood pasti aja,fess vocer shopeefood,"['fess', 'vocer', 'shopeefood']",fess vocer shopeefood,0,netral,2.0
2021-11-20 04:48:18+00:00,..Shopee...my saving..KERING.....!!! GW NTAR MAKAN APA!üò≠ GW MAU ORDER SHOPEEFOOD! KENAPA JADI JAJAN SKINCARE üò≠üò≠,shopeemy savingkering gw ntar makan apa gw mau order shopeefood kenapa jadi jajan skincare,shopeemy savingkering saya nantii makan apa saya mau order shopeefood kenapa jadi jajan skincare,shopeemy savingkering nantii makan order shopeefood jajan skincare,"['shopeemy', 'savingkering', 'nantii', 'makan', 'order', 'shopeefood', 'jajan', 'skincare']",shopeemy savingkering nanti makan order shopeefood jajan skincare,-1,negatif,0.0
2021-11-20 04:44:23+00:00,Saya mau komplain shopeefood kemana ya? @shopeefood_id @ShopeeID,saya mau komplain shopeefood kemana ya id,saya mau komplain shopeefood kemana ya id,komplain shopeefood kemana id,"['komplain', 'shopeefood', 'kemana', 'id']",komplain shopeefood mana id,0,netral,2.0
2021-11-20 04:41:16+00:00,"Kawan¬≤ di #Batujajar #BandungBarat weekend mager üõÄ
Ada KATSU &amp; RICEBOWL 77 yang siap menemani ü•≥
Cobain menu yg lagi viral ni, #AyamDrakor #HotLava
Dijamin smriwing üòÅ

Order via #ShopeeFood #GoFood dan #GrabFood

Promo nya gila-gilaan!! ü•≥ https://t.co/4vpSZHB6fB",kawan di weekend mager ada katsu amp ricebowl yang siap menemani cobain menu yg lagi viral ni dijamin smriwing order via dan promo nya gilagilaan,kawan di weekend mager ada katsu amp ricebowl yang siap menemani cobain menu yang lagi viral ini dijamin smriwing order via dan promo nya gilagilaan,kawan weekend mager katsu ricebowl menemani cobain menu viral dijamin smriwing order via promo gilagilaan,"['kawan', 'weekend', 'mager', 'katsu', 'ricebowl', 'menemani', 'cobain', 'menu', 'viral', 'dijamin', 'smriwing', 'order', 'via', 'promo', 'gilagilaan']",kawan weekend mager katsu ricebowl tani cobain menu viral jamin smriwing order via promo gilagilaan,-6,negatif,0.0
2021-11-20 04:34:37+00:00,"@crushteekrab untuk apa ada shopeefood ,grabfood dan gofood ka aicaü§∏ü§∏",untuk apa ada shopeefood grabfood dan gofood ka aica,untuk apa ada shopeefood grabfood dan gofood ka aica,shopeefood grabfood gofood ka aica,"['shopeefood', 'grabfood', 'gofood', 'ka', 'aica']",shopeefood grabfood gofood ka aica,0,netral,2.0
2021-11-20 04:33:49+00:00,"@intjgirll Hi kak, maaf ya sdh buat kamu ga nyaman. mimin informasikan bahwa Kakak tidak perlu membayar pesanan tersebut jika tidak merasa melakukan pemesanan. Jika Mitra Pengemudi masih bersama Kakak, mohon sampaikan untuk menghubungi CS ShopeeFood agar kendalanya dibantu.üôèüèª ^DH",hi kak maaf ya sdh buat kamu ga nyaman mimin informasikan bahwa kakak tidak perlu membayar pesanan tersebut jika tidak merasa melakukan pemesanan jika mitra pengemudi masih bersama kakak mohon sampaikan untuk menghubungi cs shopeefood agar kendalanya dibantu dh,hi kak maaf ya sudah buat kamu tidak nyaman admin informasikan bahwa kakak tidak perlu membayar pesanan tersebut jika tidak merasa melakukan pemesanan jika mitra pengemudi masih bersama kakak mohon sampaikan untuk menghubungi cs shopeefood agar kendalanya dibantu dh,hi kak maaf nyaman admin informasikan kakak membayar pesanan pemesanan mitra pengemudi kakak mohon menghubungi cs shopeefood kendalanya dibantu dh,"['hi', 'kak', 'maaf', 'nyaman', 'admin', 'informasikan', 'kakak', 'membayar', 'pesanan', 'pemesanan', 'mitra', 'pengemudi', 'kakak', 'mohon', 'menghubungi', 'cs', 'shopeefood', 'kendalanya', 'dibantu', 'dh']",hi kak maaf nyaman admin informasi kakak bayar pesan mesan mitra kemudi kakak mohon hubung cs shopeefood kendala bantu dh,23,positif,1.0
2021-11-20 04:28:02+00:00,"Kemarin br aja mikir hari ini beli makan apa ya krna gada promoan. Shopeefood jg mulai hilang promo2nya. Eh pagi2 tadi dpt info promo gofood. Sepele sih, tp ngerasa aja gt klo semua ada waktunya masing2, gausa takut atau khawatir. üòÇüòÇ",kemarin br aja mikir hari ini beli makan apa ya krna gada promoan shopeefood jg mulai hilang promonya eh pagi tadi dpt info promo gofood sepele sih tp ngerasa aja gt klo semua ada waktunya masing gausa takut atau khawatir,kemarin baru aja mikir hari ini beli makan apa ya karena tidak ada promoan shopeefood juga mulai hilang promonya eh pagi tadi dapat info promo gofood sepele sih tapi merasa aja begitu kalau semua ada waktunya masing gausa takut atau khawatir,kemarin mikir beli makan promoan shopeefood hilang promonya eh pagi info promo gofood sepele gausa takut khawatir,"['kemarin', 'mikir', 'beli', 'makan', 'promoan', 'shopeefood', 'hilang', 'promonya', 'eh', 'pagi', 'info', 'promo', 'gofood', 'sepele', 'gausa', 'takut', 'khawatir']",kemarin mikir beli makan promoan shopeefood hilang promonya eh pagi info promo gofood sepele gausa takut khawatir,12,positif,1.0
2021-11-20 04:26:04+00:00,"bukak shopeefood, foodpanda pastu tutup balik sebab taktau nak beli apa",bukak shopeefood foodpanda pastu tutup balik sebab taktau nak beli apa,bukak shopeefood foodpanda pastu tutup balik sebab taktau nak beli apa,bukak shopeefood foodpanda pastu tutup taktau nak beli,"['bukak', 'shopeefood', 'foodpanda', 'pastu', 'tutup', 'taktau', 'nak', 'beli']",bukak shopeefood foodpanda pastu tutup taktau nak beli,0,netral,2.0
2021-11-20 04:22:41+00:00,Lagi pada mau minum apaan? Coba ss gofood/grabfood/shopeefood nya https://t.co/5qqraAx9rt,lagi pada mau minum apaan coba ss gofoodgrabfoodshopeefood nya,lagi pada mau minum apaan coba ss gofoodgrabfoodshopeefood nya,minum coba ss gofoodgrabfoodshopeefood,"['minum', 'coba', 'ss', 'gofoodgrabfoodshopeefood']",minum coba ss gofoodgrabfoodshopeefood,-1,negatif,0.0
2021-11-20 04:14:26+00:00,@shopeefood_id Hellow admin ini kenapa error saat pembayaran via shopeeppay? Lapar Bosque.,id hellow admin ini kenapa error saat pembayaran via shopeeppay lapar bosque,id hellow admin ini kenapa error saat pembayaran via shopeeppay lapar bosque,id hellow admin error pembayaran via shopeeppay lapar bosque,"['id', 'hellow', 'admin', 'error', 'pembayaran', 'via', 'shopeeppay', 'lapar', 'bosque']",id hellow admin error bayar via shopeeppay lapar bosque,-9,negatif,0.0
2021-11-20 04:06:46+00:00,@coochannxx @itzntcc @ngalamfess Hai kak. Monggo di coba. Via shopeefood juga bisa ya kak ü•∞,hai kak monggo di coba via shopeefood juga bisa ya kak,hai kak silahkan di coba via shopeefood juga bisa ya kak,hai kak silahkan coba via shopeefood kak,"['hai', 'kak', 'silahkan', 'coba', 'via', 'shopeefood', 'kak']",hai kak silah coba via shopeefood kak,8,positif,1.0
2021-11-20 04:05:05+00:00,Hasil panen pu'un duit nya Shopee yg ke 8 @ShopeeID  mayan dikumpul2 bisa buat namabh jajan2 shopeefood üòã #TanamShopeePay12M https://t.co/JwLjdPBCDy,hasil panen puun duit nya shopee yg ke mayan dikumpul bisa buat namabh jajan shopeefood,hasil panen puun uang nya shopee yang ke mayan dikumpul bisa buat namabh jajan shopeefood,hasil panen puun uang shopee mayan dikumpul namabh jajan shopeefood,"['hasil', 'panen', 'puun', 'uang', 'shopee', 'mayan', 'dikumpul', 'namabh', 'jajan', 'shopeefood']",hasil panen puun uang shopee mayan kumpul namabh jajan shopeefood,3,positif,1.0
2021-11-20 03:56:57+00:00,"BEAR BOBBA LOWOKWARU

Es Teh Muanis 7K #BigCup22oz
50% Disc #GrabFood #GoFood

https://t.co/6fplAdGVlD

#InfoKulinerMalang
#LaporLaper
#KulinerHitsMalang
#MalangCulinary
#MalangKuliner
#BobaMalang
#KopiMalang 
#EsTehMalang
#MojitoMalang
#Grab
#GoJek
#Shopee
#ShopeeFood
#BTS https://t.co/t9nMAHEs8S",bear bobba lowokwaru es teh muanis k disc,bear bobba lowokwaru es teh muanis ke disc,bear bobba lowokwaru es teh muanis disc,"['bear', 'bobba', 'lowokwaru', 'es', 'teh', 'muanis', 'disc']",bear bobba lowokwaru es teh muanis disc,1,positif,1.0
2021-11-20 03:54:00+00:00,@AjiSunu4 @sassysince45 @murayyan_ @kuranginmakan @MeldiaWu @eternal_rix @txtdrberseragam kerenan jaket shopeefood kek bomber gitu,rix kerenan jaket shopeefood kek bomber gitu,rix kerenan jaket shopeefood seperti bomber begitu,rix kerenan jaket shopeefood bomber,"['rix', 'kerenan', 'jaket', 'shopeefood', 'bomber']",rix keren jaket shopeefood bomber,0,netral,2.0
2021-11-20 03:48:23+00:00,"Sangat menggoda ü§§. Yang di Malang ato lagi main2 di Malang, boleh banget pesen nasgor gurih ini mulai jam 11.00. 
GOFOOD/GRABFOOD/SHOPEEFOOD ‚úÖ 
SHOPEE FOOD ADA DISKON DAN FREE ONGKIR. https://t.co/fEvRBzNQE4",sangat menggoda yang di malang ato lagi main di malang boleh banget pesen nasgor gurih ini mulai jam gofoodgrabfoodshopeefood shopee food ada diskon dan free ongkir,sangat menggoda yang di malang atau lagi main di malang boleh banget pesan nasgor gurih ini mulai jam gofoodgrabfoodshopeefood shopee food ada potongan harga dan free ongkir,menggoda malang main malang banget pesan nasgor gurih jam gofoodgrabfoodshopeefood shopee food potongan harga free ongkir,"['menggoda', 'malang', 'main', 'malang', 'banget', 'pesan', 'nasgor', 'gurih', 'jam', 'gofoodgrabfoodshopeefood', 'shopee', 'food', 'potongan', 'harga', 'free', 'ongkir']",goda malang main malang banget pesan nasgor gurih jam gofoodgrabfoodshopeefood shopee food potong harga free ongkir,2,positif,1.0
2021-11-20 03:48:09+00:00,"@raichhan Menurut aku, mienya biasa aja sih, yang kali ini terlalu pedes dan ga kerasa manisnya, padahal yang pertama kali aku beli enak. Terus kalo buat dimsumnya enaaak, ini aku beli pake promo shopeefood jadi untung banget :DDDD",menurut aku mienya biasa aja sih yang kali ini terlalu pedes dan ga kerasa manisnya padahal yang pertama kali aku beli enak terus kalo buat dimsumnya enaaak ini aku beli pake promo shopeefood jadi untung banget dddd,menurut saya mienya biasa aja sih yang kali ini terlalu pedes dan tidak kerasa manisnya padahal yang pertama kali saya beli enak terus kalau buat dimsumnya enaaak ini saya beli pakai promo shopeefood jadi untung banget dddd,mienya kali pedes kerasa manisnya kali beli enak dimsumnya enaaak beli pakai promo shopeefood untung banget dddd,"['mienya', 'kali', 'pedes', 'kerasa', 'manisnya', 'kali', 'beli', 'enak', 'dimsumnya', 'enaaak', 'beli', 'pakai', 'promo', 'shopeefood', 'untung', 'banget', 'dddd']",mienya kali pedes rasa manis kali beli enak dimsumnya enaaak beli pakai promo shopeefood untung banget dddd,17,positif,1.0
2021-11-20 03:42:12+00:00,"Ya Tuhan....... 
Semoga hari ini akun ShopeeFood  bisa lancar jaya... 
Amin... https://t.co/Cw0DuBwDRv",ya tuhan semoga hari ini akun shopeefood bisa lancar jaya amin,ya tuhan semoga hari ini akun shopeefood bisa lancar jaya amin,tuhan semoga akun shopeefood lancar jaya amin,"['tuhan', 'semoga', 'akun', 'shopeefood', 'lancar', 'jaya', 'amin']",tuhan moga akun shopeefood lancar jaya amin,15,positif,1.0
2021-11-20 03:35:50+00:00,Kok rasanya lebih suka order lewat shopeefood ya krn engga ditanya2 lagi udh sesuai aplikasi atau belum :'),kok rasanya lebih suka order lewat shopeefood ya krn engga ditanya lagi udh sesuai aplikasi atau belum,kok rasanya lebih suka order lewat shopeefood ya karena  engga ditanya lagi sudah sesuai aplikasi atau belum,suka order shopeefood engga sesuai aplikasi,"['suka', 'order', 'shopeefood', 'engga', 'sesuai', 'aplikasi']",suka order shopeefood engga sesuai aplikasi,2,positif,1.0
2021-11-20 03:32:00+00:00,"@poooipoy Hi Kak nyoo, Maaf bgt ya Kak terkait kendala Km tdk bisa memproses pesanan ShopeeFood menggunakan ShopeePay, pdhl ShopeePay km sdh aktif. Jgn khawatir, tim kami sdg memperbaiki kondisi ini. Terkait hal tsb km bs coba lakukan ini yaa (1) Pastikan saldo ShopeePay cukup dan (1/3)",hi kak nyoo maaf bgt ya kak terkait kendala km tdk bisa memproses pesanan shopeefood menggunakan shopeepay pdhl shopeepay km sdh aktif jgn khawatir tim kami sdg memperbaiki kondisi ini terkait hal tsb km bs coba lakukan ini yaa pastikan saldo shopeepay cukup dan,hi kak nyoo maaf begitu ya kak terkait kendala kamu tidak bisa memproses pesanan shopeefood menggunakan shopeepay padahal shopeepay kamu sudah aktif jangan khawatir tim kami sedang memperbaiki kondisi ini terkait hal tersebut kamu bisa coba lakukan ini ya pastikan saldo shopeepay cukup dan,hi kak nyoo maaf kak terkait kendala memproses pesanan shopeefood shopeepay shopeepay aktif khawatir tim memperbaiki kondisi terkait coba lakukan pastikan saldo shopeepay,"['hi', 'kak', 'nyoo', 'maaf', 'kak', 'terkait', 'kendala', 'memproses', 'pesanan', 'shopeefood', 'shopeepay', 'shopeepay', 'aktif', 'khawatir', 'tim', 'memperbaiki', 'kondisi', 'terkait', 'coba', 'lakukan', 'pastikan', 'saldo', 'shopeepay']",hi kak nyoo maaf kak kait kendala proses pesan shopeefood shopeepay shopeepay aktif khawatir tim baik kondisi kait coba laku pasti saldo shopeepay,17,positif,1.0
2021-11-20 03:29:50+00:00,@aprmoonchild @FFOODFESS Kak cobain buru. Order gofood atau shopeefood di selat viens terdekat -s,kak cobain buru order gofood atau shopeefood di selat viens terdekat,kak cobain buru order gofood atau shopeefood di selat viens terdekat,kak cobain buru order gofood shopeefood selat viens terdekat,"['kak', 'cobain', 'buru', 'order', 'gofood', 'shopeefood', 'selat', 'viens', 'terdekat']",kak cobain buru order gofood shopeefood selat viens dekat,2,positif,1.0
2021-11-20 03:20:28+00:00,Ini kenapaa punteun @shopeefood_id ? Udah beberapa kali gini waeüôèüèº https://t.co/gvoVhjH7rt,ini kenapaa punteun id udah beberapa kali gini wae,ini kenapaa punteun id sudah beberapa kali begini wae,kenapaa punteun id kali wae,"['kenapaa', 'punteun', 'id', 'kali', 'wae']",kenapaa punteun id kali wae,0,netral,2.0
2021-11-20 03:16:33+00:00,dritadi bolak balik buka gofood sama shopeefood bingungü•∫,dritadi bolak balik buka gofood sama shopeefood bingung,dritadi bolak balik buka gofood sama shopeefood bingung,dritadi bolak buka gofood shopeefood bingung,"['dritadi', 'bolak', 'buka', 'gofood', 'shopeefood', 'bingung']",dritadi bolak buka gofood shopeefood bingung,3,positif,1.0
2021-11-20 03:07:27+00:00,Pembayaran shopeefood ku kok gagal terus sejak semalam ya? Hallo @ShopeeID https://t.co/iid9vMSJAM,pembayaran shopeefood ku kok gagal terus sejak semalam ya hallo,pembayaran shopeefood ku kok gagal terus sejak semalam ya halo,pembayaran shopeefood ku gagal semalam halo,"['pembayaran', 'shopeefood', 'ku', 'gagal', 'semalam', 'halo']",bayar shopeefood ku gagal malam halo,-3,negatif,0.0
2021-11-20 03:02:25+00:00,"@ShopeePay_ID ini kenapa saldo top up dr bca gabisa masuk ya? buka shopee paynya masuk, pas mau checkout shopeefood saldo tidak mencukupi",id ini kenapa saldo top up dr bca gabisa masuk ya buka shopee paynya masuk pas mau checkout shopeefood saldo tidak mencukupi,id ini kenapa saldo mantap up dari baca tidak bisa masuk ya buka shopee paynya masuk pas mau checkout shopeefood saldo tidak mencukupi,id saldo mantap baca masuk buka shopee paynya masuk pas checkout shopeefood saldo mencukupi,"['id', 'saldo', 'mantap', 'baca', 'masuk', 'buka', 'shopee', 'paynya', 'masuk', 'pas', 'checkout', 'shopeefood', 'saldo', 'mencukupi']",id saldo mantap baca masuk buka shopee paynya masuk pas checkout shopeefood saldo cukup,7,positif,1.0
2021-11-20 02:46:21+00:00,"Laper pgn beli shopeefood tp ujan, tante ga masak, grgr ujan w males bgt masaküò©",laper pgn beli shopeefood tp ujan tante ga masak grgr ujan males bgt masak,laper ingin beli shopeefood tapi hujan tante tidak masa grgr hujan malas  begitu masa,laper beli shopeefood hujan tante grgr hujan malas,"['laper', 'beli', 'shopeefood', 'hujan', 'tante', 'grgr', 'hujan', 'malas']",laper beli shopeefood hujan tante grgr hujan malas,-3,negatif,0.0
2021-11-20 02:45:34+00:00,"Ayam Tulang Lunak Aji Rasa - Buahbatu sekarang ada di ShopeeFood! Pesan Sekarang, langsung diantar. https://t.co/gh0PP8cm7h https://t.co/YB1VKFSxIB",ayam tulang lunak aji rasa buahbatu sekarang ada di shopeefood pesan sekarang langsung diantar,ayam tulang lunak aji rasa buahbatu sekarang ada di shopeefood pesan sekarang langsung diantar,ayam tulang lunak aji buahbatu shopeefood pesan langsung diantar,"['ayam', 'tulang', 'lunak', 'aji', 'buahbatu', 'shopeefood', 'pesan', 'langsung', 'diantar']",ayam tulang lunak aji buahbatu shopeefood pesan langsung antar,16,positif,1.0
2021-11-20 02:45:19+00:00,Alhamdulilah udh seminggu ini ga jajan shopeefood,alhamdulilah udh seminggu ini ga jajan shopeefood,alhamdulilah sudah seminggu ini tidak jajan shopeefood,alhamdulilah seminggu jajan shopeefood,"['alhamdulilah', 'seminggu', 'jajan', 'shopeefood']",alhamdulilah minggu jajan shopeefood,3,positif,1.0
2021-11-20 02:22:27+00:00,Jadwalnya bukain grabfood/shopeefood/gofood hahaha,jadwalnya bukain grabfoodshopeefoodgofood hahaha,jadwalnya bukain grabfoodshopeefoodgofood hahaha,jadwalnya bukain grabfoodshopeefoodgofood hahaha,"['jadwalnya', 'bukain', 'grabfoodshopeefoodgofood', 'hahaha']",jadwal bukain grabfoodshopeefoodgofood hahaha,0,netral,2.0
2021-11-20 02:06:05+00:00,@jnsuhflower Spay buat beli sarapan di shopeefood hehe,spay buat beli sarapan di shopeefood hehe,spay buat beli sarapan di shopeefood hehe,spay beli sarapan shopeefood,"['spay', 'beli', 'sarapan', 'shopeefood']",spay beli sarap shopeefood,5,positif,1.0
2021-11-20 02:00:18+00:00,@deqcors Iyaaa shopeefood byk bgt voucher diskon nyaüò≠,iyaaa shopeefood byk bgt voucher diskon nya,iya shopeefood banyak begitu voucher potongan harga nya,iya shopeefood voucher potongan harga,"['iya', 'shopeefood', 'voucher', 'potongan', 'harga']",iya shopeefood voucher potong harga,4,positif,1.0
2021-11-20 01:57:21+00:00,Shopeefood ga rugi apa ya kalo gini kan gue yg keenakanüêíüêíüôàüòä https://t.co/p6EKXcb5rY,shopeefood ga rugi apa ya kalo gini kan gue yg keenakan,shopeefood tidak rugi apa ya kalau begini kan saya yang keenakan,shopeefood rugi keenakan,"['shopeefood', 'rugi', 'keenakan']",shopeefood rugi enak,0,netral,2.0
2021-11-20 01:56:42+00:00,shopeefood penyelamatku,shopeefood penyelamatku,shopeefood penyelamatku,shopeefood penyelamatku,"['shopeefood', 'penyelamatku']",shopeefood selamat,5,positif,1.0
2021-11-20 01:56:21+00:00,"BEAR BOBBA LOWOKWARU / BLIMBING

Boba Double Salted Caramel  15K #BigCup22oz
50% Disc #GrabFood #GoFood

https://t.co/6fplAdGVlD

#InfoKulinerMalang
#LaporLaper
#KulinerHitsMalang
#MalangCulinary
#BobaMalang
#KopiMalang 
#EsTehMalang
#MojitoMalang
#Grab
#GoJek
#Shopee
#ShopeeFood https://t.co/6vTAE0NgMI",bear bobba lowokwaru blimbing boba double salted caramel k disc,bear bobba lowokwaru blimbing boba double salted caramel ke disc,bear bobba lowokwaru blimbing boba double salted caramel disc,"['bear', 'bobba', 'lowokwaru', 'blimbing', 'boba', 'double', 'salted', 'caramel', 'disc']",bear bobba lowokwaru blimbing boba double salted caramel disc,0,netral,2.0
2021-11-20 01:49:01+00:00,Geh! Ada promo gofood/grabfood/shopeefood dmna ya,geh ada promo gofoodgrabfoodshopeefood dmna ya,geh ada promo gofoodgrabfoodshopeefood dimana ya,geh promo gofoodgrabfoodshopeefood dimana,"['geh', 'promo', 'gofoodgrabfoodshopeefood', 'dimana']",geh promo gofoodgrabfoodshopeefood mana,3,positif,1.0
