,Created_At,Tweets,Clean_Data,Tweet_Normal,Tanpa_StopWords,Stemming,Bobot,Label,Sentimen
0,2021-12-22 12:44:17+00:00,"when lo mau pesen sesuatu di syopifud, but syopipey klean kurang sedikit, it's the level of JNCK SY KZL BGT",when lo mau pesen sesuatu di syopifud but syopipey klean kurang sedikit it the level of jnck sy kzl bgt,when kamu mau pesan sesuatu di syopifud but syopipey kalian kurang sedikit it the level of jnck saya kesal begitu,when pesan syopifud but syopipey it the level of jnck kesal,"['when', 'pesan', 'syopifud', 'but', 'syopipey', 'it', 'the', 'level', 'of', 'jnck', 'kesal']",6,positive,1.0
1,2021-12-22 12:21:03+00:00,"""Kok aku demam ya?""
""Abis dr mana km? Cek cb pake termometer brp nek tinggi minum obat""
""Ga knp2 tp blm makan nasi‚Ä¶ https://t.co/7Vy3msNRN3",kok aku demam ya abis dr mana km cek cb pake termometer brp nek tinggi minum obat ga knp tp blm makan nasi,kok saya demam ya habis dari mana kamu cek coba pakai termometer berapa nek tinggi minum obat tidak kenapa tapi belum makan nasi,demam habis cek coba pakai termometer nek minum obat makan nasi,"['demam', 'habis', 'cek', 'coba', 'pakai', 'termometer', 'nek', 'minum', 'obat', 'makan', 'nasi']",-2,negative,0.0
2,2021-12-22 11:58:44+00:00,"Please hujan reda dong w mau ke warung mau masak, order syopifud kesian juga sama abangnya ü•∫",please hujan reda dong mau ke warung mau masak order syopifud kesian juga sama abangnya,tolong hujan reda dong mau ke warung mau masa order syopifud kesian juga sama abangnya,tolong hujan reda warung order syopifud kesian abangnya,"['tolong', 'hujan', 'reda', 'warung', 'order', 'syopifud', 'kesi', 'abang']",1,positive,1.0
3,2021-12-22 10:06:15+00:00,@naaazzzs Gaada gofud adanya syopifud nas üò≠üò≠ https://t.co/Wx6qqOYYeA,gaada gofud adanya syopifud nas,tidak ada gofud adanya syopifud nas,gofud syopifud nas,"['gofud', 'syopifud', 'nas']",0,neutral,2.0
4,2021-12-22 09:17:04+00:00,"@convomf pake syopifud nder, diskonnya mantep",pake syopifud nder diskonnya mantep,pakai syopifud nder diskonnya mantep,pakai syopifud nder diskonnya mantep,"['pakai', 'syopifud', 'nder', 'diskon', 'mantep']",2,positive,1.0
5,2021-12-22 09:00:18+00:00,"Pgn nangis, jajan di bdg pake syopifud selalu cuma 20rebuan udh dapet 3-4 macem taugak:(((((",pgn nangis jajan di bdg pake syopifud selalu cuma rebuan udh dapet macem taugak,ingin nangis jajan di bandung pakai syopifud selalu hanya rebuan sudah dapat macam taugak,nangis jajan bandung pakai syopifud rebuan taugak,"['nang', 'jajan', 'bandung', 'pakai', 'syopifud', 'rebu', 'taugak']",-6,negative,0.0
6,2021-12-22 06:55:01+00:00,"Oyi pngen beliin ini buat ibu sukanya martabak pecenongan, cari di syopifud cuma ada ini menunya. Ini pake daging g‚Ä¶ https://t.co/mU9mshaXiH",oyi pngen beliin ini buat ibu sukanya martabak pecenongan cari di syopifud cuma ada ini menunya ini pake daging,oyi ingin beliin ini buat ibu sukanya martabak pecenongan cari di syopifud hanya ada ini menunya ini pakai daging,oyi beliin sukanya martabak pecenongan cari syopifud menunya pakai daging,"['oyi', 'beliin', 'suka', 'martabak', 'pecenongan', 'cari', 'syopifud', 'menu', 'pakai', 'daging']",-1,negative,0.0
7,2021-12-22 06:34:04+00:00,"*Mz2 syopifud : üë®‚ÄçüöÄ
*Aq : üëº

üë®‚ÄçüöÄ: orang medan ya mz?
üëº: bukan, padang mz
üë®‚ÄçüöÄ: oalah padang, di sana rajanya perempu‚Ä¶ https://t.co/S4T1NIxWgp",mz syopifud aq orang medan ya mz bukan padang mz oalah padang di sana rajanya perempu,mz syopifud saya orang medan ya mz bukan padang mz aduh padang di sana rajanya perempu,mz syopifud orang medan mz padang mz aduh padang rajanya perempu,"['mz', 'syopifud', 'orang', 'medan', 'mz', 'padang', 'mz', 'aduh', 'padang', 'raja', 'empu']",1,positive,1.0
8,2021-12-22 06:02:14+00:00,Beli grab/syopifud biar dpt diskon problem: https://t.co/MubID5UnnU,beli grabsyopifud biar dpt diskon problem,beli grabsyopifud biar dapat potongan harga problem,beli grabsyopifud potongan harga problem,"['beli', 'grabsyopifud', 'potong', 'harga', 'problem']",-1,negative,0.0
9,2021-12-22 05:51:08+00:00,"@ratnaillahi habis post ini, mastom tlp dooong, ada pak2 syopifud di depan üò± kirim ijab qobul..
tetapi jangan khawa‚Ä¶ https://t.co/lVSrcyYzAq",habis post ini mastom tlp dooong ada pak syopifud di depan kirim ijab qobul tetapi jangan khawa,habis post ini mastom tlp dooong ada bapak syopifud di depan kirim ijab qobul tetapi jangan khawa,habis post mastom tlp dooong syopifud kirim ijab qobul khawa,"['habis', 'post', 'mastom', 'tlp', 'dooong', 'syopifud', 'kirim', 'ijab', 'qobul', 'khawa']",7,positive,1.0
10,2021-12-22 05:18:23+00:00,@eunjipacarbrian Syopifud lagi promo 60% üòÇ,syopifud lagi promo,syopifud lagi promo,syopifud promo,"['syopifud', 'promo']",3,positive,1.0
11,2021-12-22 05:17:24+00:00,makasih syopifud atas diskon 60%nya love u,makasih syopifud atas diskon nya love,makasih syopifud atas potongan harga nya cinta,makasih syopifud potongan harga cinta,"['makasih', 'syopifud', 'potong', 'harga', 'cinta']",8,positive,1.0
12,2021-12-22 05:01:58+00:00,Terpantau Tiwi lebih sering CO makanan lewat syopifud sekarang,terpantau tiwi lebih sering co makanan lewat syopifud sekarang,terpantau tiwi lebih sering co makanan lewat syopifud sekarang,terpantau tiwi co makanan syopifud,"['pantau', 'tiwi', 'co', 'makan', 'syopifud']",5,positive,1.0
13,2021-12-22 04:49:52+00:00,@sparklerish lgsg aja order di syopifud tut,lgsg aja order di syopifud tut,langsung aja order di syopifud tut,langsung order syopifud tut,"['langsung', 'order', 'syopifud', 'tut']",3,positive,1.0
14,2021-12-22 04:14:41+00:00,"warga jog saranin makan siang enak di syopifud dong, mau pesen ayam geprek sambal matah malah abis, trs skrg bingung mau makan apaaüò≠",warga jog saranin makan siang enak di syopifud dong mau pesen ayam geprek sambal matah malah abis trs skrg bingung mau makan apaa,warga jog saranin makan siang enak di syopifud dong mau pesan ayam geprek sambal matah malah habis terus sekarang bingung mau makan apaa,warga jog saranin makan siang enak syopifud pesan ayam geprek sambal matah habis bingung makan apaa,"['warga', 'jog', 'saranin', 'makan', 'siang', 'enak', 'syopifud', 'pesan', 'ayam', 'geprek', 'sambal', 'matah', 'habis', 'bingung', 'makan', 'apaa']",12,positive,1.0
15,2021-12-22 03:44:56+00:00,Pesen makanan apa ya geh! yg enak yg ada di syopifud,pesen makanan apa ya geh yg enak yg ada di syopifud,pesan makanan apa ya geh yang enak yang ada di syopifud,pesan makanan geh enak syopifud,"['pesan', 'makan', 'geh', 'enak', 'syopifud']",10,positive,1.0
16,2021-12-22 02:10:17+00:00,syopifud ada di cilegon kek,syopifud ada di cilegon kek,syopifud ada di cilegon seperti,syopifud cilegon,"['syopifud', 'cilegon']",0,neutral,2.0
17,2021-12-21 16:34:13+00:00,"@KaiSuperbia Beli la pack, buat apa ada gofud/grabfud/syopifud~",beli la pack buat apa ada gofudgrabfudsyopifud,beli la pack buat apa ada gofudgrabfudsyopifud,beli la pack gofudgrabfudsyopifud,"['beli', 'la', 'pack', 'gofudgrabfudsyopifud']",2,positive,1.0
18,2021-12-21 15:39:42+00:00,kpn yh di pesenin gofud syopifud kaya orang orang. aku mandiri banget sumpah,kpn yh di pesenin gofud syopifud kaya orang orang aku mandiri banget sumpah,kapan yh di pesenin gofud syopifud seperti orang orang saya mandiri banget sumpah,yh pesenin gofud syopifud orang orang mandiri banget sumpah,"['yh', 'senin', 'gofud', 'syopifud', 'orang', 'orang', 'mandiri', 'banget', 'sumpah']",1,positive,1.0
19,2021-12-21 15:37:37+00:00,"voucher syopifud ga ada akhlak emg, ini jempol lagi, pake co muluüò≠",voucher syopifud ga ada akhlak emg ini jempol lagi pake co mulu,voucher syopifud tidak ada akhlak emang ini jempol lagi pakai co terus,voucher syopifud akhlak emang jempol pakai co,"['voucher', 'syopifud', 'akhlak', 'emang', 'jempol', 'pakai', 'co']",11,positive,1.0
20,2021-12-21 14:41:01+00:00,@buburburjo Dah syopifud aja ü§£,dah syopifud aja,sudah syopifud aja,syopifud,['syopifud'],0,neutral,2.0
21,2021-12-21 14:02:34+00:00,"@nonikdona tergantung promo, tapi terakhir¬≤ ini lebih sering ke syopifud",tergantung promo tapi terakhir ini lebih sering ke syopifud,tergantung promo tapi terakhir ini lebih sering ke syopifud,tergantung promo syopifud,"['gantung', 'promo', 'syopifud']",6,positive,1.0
22,2021-12-21 13:55:33+00:00,@hforlyfe_ Syopifud nih ga isa pake paylater yak?,syopifud nih ga isa pake paylater yak,syopifud ini tidak isa pakai paylater yak,syopifud isa pakai paylater yak,"['syopifud', 'isa', 'pakai', 'paylater', 'yak']",0,neutral,2.0
23,2021-12-21 13:49:38+00:00,Driver syopifud adaada ae dah wkwkw,driver syopifud adaada ae dah wkwkw,driver syopifud adaada ae sudah wkwkw,driver syopifud adaada ae wkwkw,"['driver', 'syopifud', 'adaada', 'ae', 'wkwkw']",0,neutral,2.0
24,2021-12-21 13:06:53+00:00,Pesen via syopifud,pesen via syopifud,pesan via syopifud,pesan via syopifud,"['pesan', 'via', 'syopifud']",2,positive,1.0
25,2021-12-21 11:17:49+00:00,"mo diajak makan bareng sama mba kost, tapi baru aja nerima syopifudüò≠üôèüèª",mo diajak makan bareng sama mba kost tapi baru aja nerima syopifud,mau diajak makan bersama sama mba kost tapi baru aja nerima syopifud,diajak makan mba kost nerima syopifud,"['ajak', 'makan', 'mba', 'kost', 'nerima', 'syopifud']",2,positive,1.0
26,2021-12-21 10:49:17+00:00,@ponyoontway @UNSfess_ ANJIR LUPA NAMA TEMPATNYA DI SYOPIFUD POKOKNYA DAERAH JEBRES,anjir lupa nama tempatnya di syopifud pokoknya daerah jebres,astaga lupa nama tempatnya di syopifud pokoknya daerah jebres,astaga lupa nama tempatnya syopifud pokoknya daerah jebres,"['astaga', 'lupa', 'nama', 'tempat', 'syopifud', 'pokok', 'daerah', 'jebres']",-2,negative,0.0
27,2021-12-21 09:47:01+00:00,ni anak syopifud mulu dah anjing,ni anak syopifud mulu dah anjing,ini anak syopifud terus sudah anjing,anak syopifud anjing,"['anak', 'syopifud', 'anjing']",-7,negative,0.0
28,2021-12-21 08:40:57+00:00,2hari ini cek chatime bt21 di syopifud tulisannya persediaan habis.. apa emang stock udah abis atau emang ngelayani‚Ä¶ https://t.co/4ldqndWI8R,hari ini cek chatime bt di syopifud tulisannya persediaan habis apa emang stock udah abis atau emang ngelayani,hari ini cek chatime bt di syopifud tulisannya persediaan habis apa memang stock sudah habis atau memang melayani,cek chatime bt syopifud tulisannya persediaan habis stock habis melayani,"['cek', 'chatime', 'bt', 'syopifud', 'tulis', 'sedia', 'habis', 'stock', 'habis', 'layan']",8,positive,1.0
29,2021-12-21 07:01:11+00:00,@luvme_likeudu keprabon bisa dapetin diskon dadi syopifud üòÇ,likeudu keprabon bisa dapetin diskon dadi syopifud,likeudu keprabon bisa dapetin potongan harga dadi syopifud,likeudu keprabon dapetin potongan harga dadi syopifud,"['likeudu', 'keprabon', 'dapetin', 'potong', 'harga', 'dadi', 'syopifud']",1,positive,1.0
30,2021-12-21 06:59:14+00:00,"mau pesen syopifud tapi lagi hujan begini jadi ga tega sama abang yg nganterin makanannya ;(

tapi laper wkwkwk",mau pesen syopifud tapi lagi hujan begini jadi ga tega sama abang yg nganterin makanannya tapi laper wkwkwk,mau pesan syopifud tapi lagi hujan begini jadi tidak tega sama abang yang nganterin makanannya tapi laper wkwkwk,pesan syopifud hujan tega abang nganterin makanannya laper wkwkwk,"['pesan', 'syopifud', 'hujan', 'tega', 'abang', 'nganterin', 'makan', 'laper', 'wkwkwk']",-1,negative,0.0
31,2021-12-21 04:50:23+00:00,"yakali diet, sayang voucher syopifud y kan https://t.co/wKyjFgNIJn",yakali diet sayang voucher syopifud kan,yakali diet sayang voucher syopifud kan,yakali diet sayang voucher syopifud,"['yakali', 'diet', 'sayang', 'voucher', 'syopifud']",0,neutral,2.0
32,2021-12-21 01:50:00+00:00,@aliffahzhrviani @tanyakanrl dia tipe org yg suka diskonan &amp; selalu order makan di syopifud krn voucher potongan yg‚Ä¶ https://t.co/T8XJ0xC4cr,dia tipe org yg suka diskonan amp selalu order makan di syopifud krn voucher potongan yg,dia tipe orang yang suka diskonan amp selalu order makan di syopifud karena  voucher potongan yang,tipe orang suka diskonan order makan syopifud voucher potongan,"['tipe', 'orang', 'suka', 'diskon', 'order', 'makan', 'syopifud', 'voucher', 'potong']",7,positive,1.0
33,2021-12-21 01:03:43+00:00,@loffryu ini sm nasi uduk 25k di syopifud,ini sm nasi uduk k di syopifud,ini sama nasi uduk ke di syopifud,nasi uduk syopifud,"['nasi', 'uduk', 'syopifud']",2,positive,1.0
34,2021-12-20 16:15:20+00:00,jam segini blm tidur grgr jam 12 biar bisa klaim vocer kesbek syopifud :(,jam segini blm tidur grgr jam biar bisa klaim vocer kesbek syopifud,jam segini belum tidur grgr jam biar bisa klaim vocer kesbek syopifud,jam segini tidur grgr jam klaim vocer kesbek syopifud,"['jam', 'gin', 'tidur', 'grgr', 'jam', 'klaim', 'vocer', 'kesbek', 'syopifud']",3,positive,1.0
35,2021-12-20 15:19:41+00:00,@kvchine mahal mending syopifudüò©üò©üò©,mahal mending syopifud,mahal mending syopifud,mahal mending syopifud,"['mahal', 'mending', 'syopifud']",3,positive,1.0
36,2021-12-20 14:13:37+00:00,love you syopifud meskipun spay sering nyebelin https://t.co/uK6FsD1tG5,love you syopifud meskipun spay sering nyebelin,cinta you syopifud meskipun spay sering nyebelin,cinta you syopifud spay nyebelin,"['cinta', 'you', 'syopifud', 'spay', 'nyebelin']",-1,negative,0.0
37,2021-12-20 14:07:05+00:00,"Biasalah pesen syopifud suru taro pager kalo dah sampe, br kali inini mau ambil pesenan tp nihil. Dipager siapa u t‚Ä¶ https://t.co/HbGlaQ3RPw",biasalah pesen syopifud suru taro pager kalo dah sampe br kali inini mau ambil pesenan tp nihil dipager siapa,biasalah pesan syopifud suru taro pager kalau sudah sampai baru kali inini mau ambil pesenan tapi nihil dipager siapa,biasalah pesan syopifud suru taro pager kali inini ambil pesenan nihil dipager,"['biasa', 'pesan', 'syopifud', 'suru', 'taro', 'pager', 'kali', 'inini', 'ambil', 'sen', 'nihil', 'dipager']",-5,negative,0.0
38,2021-12-20 13:07:25+00:00,"Semoga syopifud segera hadir dibanjar, promonya lumayan bgt soalnyaa",semoga syopifud segera hadir dibanjar promonya lumayan bgt soalnyaa,semoga syopifud segera hadir dibanjar promonya lumayan begitu soalnyaa,semoga syopifud hadir dibanjar promonya lumayan soalnyaa,"['moga', 'syopifud', 'hadir', 'banjar', 'promonya', 'lumayan', 'soalnyaa']",4,positive,1.0
39,2021-12-20 12:50:04+00:00,Ea pengalaman gak enak syopifud pun akhirnya gue rasain,ea pengalaman gak enak syopifud pun akhirnya gue rasain,ya pengalaman tidak enak syopifud pun akhirnya saya rasakan,pengalaman enak syopifud rasakan,"['alam', 'enak', 'syopifud', 'rasa']",5,positive,1.0
40,2021-12-20 11:25:28+00:00,"ujan gini emang paling enak tuh pelukan, di syopifud ada ga ya?",ujan gini emang paling enak tuh pelukan di syopifud ada ga ya,hujan begini memang paling enak  itu pelukan di syopifud ada tidak ya,hujan enak pelukan syopifud,"['hujan', 'enak', 'peluk', 'syopifud']",3,positive,1.0
41,2021-12-20 10:10:02+00:00,"@Prischilaa gue tinggal mesen syopifud aja dah ada lg yg baru mer yaampun, kenapa siiüò≠",gue tinggal mesen syopifud aja dah ada lg yg baru mer yaampun kenapa sii,saya tinggal  pesan syopifud aja sudah ada lagi yang baru mer yaampun kenapa sii,tinggal pesan syopifud mer yaampun sii,"['tinggal', 'pesan', 'syopifud', 'mer', 'yaampun', 'sii']",3,positive,1.0
42,2021-12-20 08:26:40+00:00,"@meetfuk dket rumah, tp cek aja tkonya di syopifud bizz steak dan burger dr cipto",dket rumah tp cek aja tkonya di syopifud bizz steak dan burger dr cipto,dket rumah tapi cek aja tkonya di syopifud bizz steak dan burger dari cipto,dket rumah cek tkonya syopifud bizz steak burger cipto,"['dket', 'rumah', 'cek', 'tkonya', 'syopifud', 'bizz', 'steak', 'burger', 'cipto']",-1,negative,0.0
43,2021-12-20 07:34:45+00:00,Guyss cona tolong saranin pesen apa yahh di syopifud???,guyss cona tolong saranin pesen apa yahh di syopifud,guyss cona tolong saranin pesan apa ya di syopifud,guyss cona tolong saranin pesan syopifud,"['guyss', 'cona', 'tolong', 'saranin', 'pesan', 'syopifud']",5,positive,1.0
44,2021-12-20 06:03:42+00:00,"@ashycla TEH ALLAHUAKBAR, ini konsepnya one tweet abang syopifud",teh allahuakbar ini konsepnya one tweet abang syopifud,teh allahuakbar ini konsepnya one tweet abang syopifud,teh allahuakbar konsepnya one tweet abang syopifud,"['teh', 'allahuakbar', 'konsep', 'one', 'tweet', 'abang', 'syopifud']",1,positive,1.0
45,2021-12-20 05:54:14+00:00,"@FOODFESS2 Salad kaliii.
Iya, aku jg cinta banget sampe pernah syopifud saladnya doang",salad kaliii iya aku jg cinta banget sampe pernah syopifud saladnya doang,salad kaliii iya saya juga cinta banget sampai pernah syopifud saladnya saja,salad kaliii iya cinta banget syopifud saladnya,"['salad', 'kaliii', 'iya', 'cinta', 'banget', 'syopifud', 'saladnya']",4,positive,1.0
46,2021-12-20 04:59:51+00:00,"@mbulanabul dulu blm ada syopifud, gofud, grabfud &amp; harbolnas ga tiap bln ky skrg ü•≤",dulu blm ada syopifud gofud grabfud amp harbolnas ga tiap bln ky skrg,dulu belum ada syopifud gofud grabfud amp harbolnas tidak setiap bulan seperti sekarang,syopifud gofud grabfud harbolnas,"['syopifud', 'gofud', 'grabfud', 'harbolnas']",0,neutral,2.0
47,2021-12-20 04:57:13+00:00,"@deandrasu @alifmadani_ @septaAN_ terpantau syopifud aktif, monggo sedoyo",terpantau syopifud aktif monggo sedoyo,terpantau syopifud aktif silahkan sedoyo,terpantau syopifud aktif silahkan sedoyo,"['pantau', 'syopifud', 'aktif', 'silah', 'doyo']",7,positive,1.0
48,2021-12-20 04:07:35+00:00,"Nyebelin bgt udah mah dari semalem ga kebagian vocer potongan syopi, kena limit pula. Dahlah pesen syopifud aja",nyebelin bgt udah mah dari semalem ga kebagian vocer potongan syopi kena limit pula dahlah pesen syopifud aja,nyebelin begitu sudah mah dari semalem tidak kebagian vocer potongan syopi kena limit pula dahlah pesan syopifud aja,nyebelin mah semalem kebagian vocer potongan syopi kena limit dahlah pesan syopifud,"['nyebelin', 'mah', 'semalem', 'bagi', 'vocer', 'potong', 'syopi', 'kena', 'limit', 'dah', 'pesan', 'syopifud']",-8,negative,0.0
49,2021-12-20 03:54:49+00:00,@jajanbhlabels reusable cup sama magnet di tempatku masih bs di order via ojol/syopifud,reusable cup sama magnet di tempatku masih bs di order via ojolsyopifud,reusable cup sama magnet di tempatku masih bisa di order via ojolsyopifud,reusable cup magnet tempatku order via ojolsyopifud,"['reusable', 'cup', 'magnet', 'tempat', 'order', 'via', 'ojolsyopifud']",-3,negative,0.0
50,2021-12-20 03:25:13+00:00,Barusan laper mau jajan terus maksud hati mau top up ovo malah jadi top up syopi (udah lieur) terus pas mau top up‚Ä¶ https://t.co/niM4Ia2ohJ,barusan laper mau jajan terus maksud hati mau top up ovo malah jadi top up syopi udah lieur terus pas mau top up,barusan laper mau jajan terus maksud hati mau mantap up ovo malah jadi mantap up syopi sudah lieur terus pas mau mantap up,barusan laper jajan maksud hati mantap up ovo mantap up syopi lieur pas mantap up,"['barusan', 'laper', 'jajan', 'maksud', 'hati', 'mantap', 'up', 'ovo', 'mantap', 'up', 'syopi', 'lieur', 'pas', 'mantap', 'up']",17,positive,1.0
51,2021-12-20 03:25:09+00:00,Syopifud ajalah,syopifud ajalah,syopifud ajalah,syopifud ajalah,"['syopifud', 'aja']",1,positive,1.0
52,2021-12-20 01:48:02+00:00,ya allah sedih bgt pesenan syopifud gue ketuker üòñüòñ,ya allah sedih bgt pesenan syopifud gue ketuker,ya allah sedih begitu pesenan syopifud saya ketuker,allah sedih pesenan syopifud ketuker,"['allah', 'sedih', 'sen', 'syopifud', 'ketuker']",0,neutral,2.0
53,2021-12-19 11:42:24+00:00,@azeliean yhhh kan mmang ad syopifud,yhhh kan mmang ad syopifud,yhhh kan mmang ada syopifud,yhhh mmang syopifud,"['yhhh', 'mmang', 'syopifud']",0,neutral,2.0
54,2021-12-19 11:41:55+00:00,@aedaannn laHhHh sjk kapan ad syopifud,lahhhh sjk kapan ad syopifud,lahhhh sejak kapan ada syopifud,lahhhh syopifud,"['lahhhh', 'syopifud']",0,neutral,2.0
55,2021-12-19 09:28:27+00:00,"Kan di Solo ngabisin duit doang, belom ada 5 menit dah mikir mau syopifud apa",kan di solo ngabisin duit doang belom ada menit dah mikir mau syopifud apa,kan di solo ngabisin uang saja belum ada menit sudah mikir mau syopifud apa,solo ngabisin uang menit mikir syopifud,"['solo', 'ngabisin', 'uang', 'menit', 'mikir', 'syopifud']",4,positive,1.0
56,2021-12-19 09:07:41+00:00,PLS LAPAR BANGET mau pesen syopifud ealah malah yg fi isi malah saldo gopayüò≠ nyari yg mau trade susah amat,pls lapar banget mau pesen syopifud ealah malah yg fi isi malah saldo gopay nyari yg mau trade susah amat,pls lapar banget mau pesan syopifud ealah malah yang fi isi malah saldo gopay mencari yang mau trade susah amat,pls lapar banget pesan syopifud ealah fi isi saldo gopay mencari trade susah,"['pls', 'lapar', 'banget', 'pesan', 'syopifud', 'ealah', 'fi', 'isi', 'saldo', 'gopay', 'cari', 'trade', 'susah']",-7,negative,0.0
57,2021-12-19 08:19:43+00:00,@dypooooooo Beli syopifud dptnya yg cakep2 apa nda rugi ya shopee,beli syopifud dptnya yg cakep apa nda rugi ya shopee,beli syopifud dptnya yang cakep apa tidak rugi ya shopee,beli syopifud dptnya cakep rugi shopee,"['beli', 'syopifud', 'dptnya', 'cakep', 'rugi', 'shopee']",2,positive,1.0
58,2021-12-19 06:55:32+00:00,"@GitaAmanda Besok2 nyoba deh, tengkyuu. ni lg pake syopifud terus ü•≤ü•≤ü•≤",besok nyoba deh tengkyuu ni lg pake syopifud terus,besok nyoba deh tengkyuu ini lagi pakai syopifud terus,besok nyoba deh tengkyuu pakai syopifud,"['besok', 'nyoba', 'deh', 'tengkyuu', 'pakai', 'syopifud']",0,neutral,2.0
59,2021-12-19 06:25:39+00:00,@xenaloly Cus syopifud,cus syopifud,cus syopifud,cus syopifud,"['cus', 'syopifud']",0,neutral,2.0
60,2021-12-19 04:08:25+00:00,@HildeAdler Ntar malah jd syopifud,ntar malah jd syopifud,nantii malah jadi syopifud,nantii syopifud,"['nanti', 'syopifud']",-2,negative,0.0
61,2021-12-19 03:25:36+00:00,"Ketika ga ada cash, pdahal lg mau makan di deket2 sini aja tp males narik duit ke atm. Dah lah syopifud aja üòÇüòÇ",ketika ga ada cash pdahal lg mau makan di deket sini aja tp males narik duit ke atm dah lah syopifud aja,ketika tidak ada cash padahal lagi mau makan di dekat sini aja tapi malas  narik uang ke atm sudah lah syopifud aja,cash makan malas narik uang atm syopifud,"['cash', 'makan', 'malas', 'narik', 'uang', 'atm', 'syopifud']",-1,negative,0.0
62,2021-12-19 03:17:01+00:00,bangun tidur kuterus order kopsus yg diskonnya paling gede di syopifud,bangun tidur kuterus order kopsus yg diskonnya paling gede di syopifud,bangun tidur kuterus order kopsus yang diskonnya paling besar di syopifud,bangun tidur kuterus order kopsus diskonnya syopifud,"['bangun', 'tidur', 'terus', 'order', 'kopsus', 'diskon', 'syopifud']",5,positive,1.0
63,2021-12-19 02:49:19+00:00,"@FFOODFESS Kalo dari pengalaman temenku sih masaknya dari malem, trus paginya tinggal di angetin
Atau dari malem ud‚Ä¶ https://t.co/ZFNNk4CsE8",kalo dari pengalaman temenku sih masaknya dari malem trus paginya tinggal di angetin atau dari malem ud,kalau dari pengalaman temenku sih masaknya dari malem terus paginya tinggal di angetin atau dari malem sudah,pengalaman temenku masaknya malem paginya tinggal angetin malem,"['alam', 'temenku', 'masak', 'malem', 'pagi', 'tinggal', 'angetin', 'malem']",4,positive,1.0
64,2021-12-19 02:35:58+00:00,abang syopifud ga ada yang jalan apa ya? dari semalem ga dapet driver terus,abang syopifud ga ada yang jalan apa ya dari semalem ga dapet driver terus,abang syopifud tidak ada yang jalan apa ya dari semalem tidak dapat driver terus,abang syopifud jalan semalem driver,"['abang', 'syopifud', 'jalan', 'semalem', 'driver']",0,neutral,2.0
65,2021-12-18 19:25:56+00:00,@inizali suka belibet pas ngomong syopifud jadi sofipud ü•≤,suka belibet pas ngomong syopifud jadi sofipud,suka belibet pas bicara syopifud jadi sofipud,suka belibet pas bicara syopifud sofipud,"['suka', 'belibet', 'pas', 'bicara', 'syopifud', 'sofipud']",6,positive,1.0
66,2021-12-18 16:53:07+00:00,"@marknergy Kalo di rumah ada makanan mah dah dari tadi gue makan, seriuusss... pengen pesen syopifud juga ragu soal‚Ä¶ https://t.co/pyTJhD7bUg",kalo di rumah ada makanan mah dah dari tadi gue makan seriuusss pengen pesen syopifud juga ragu soal,kalau di rumah ada makanan mah sudah dari tadi saya makan seriuusss ingin pesan syopifud juga ragu soal,rumah makanan mah makan seriuusss pesan syopifud ragu,"['rumah', 'makan', 'mah', 'makan', 'seriuusss', 'pesan', 'syopifud', 'ragu']",6,positive,1.0
67,2021-12-18 16:42:55+00:00,Bapak bapak syopifud lm bgt,bapak bapak syopifud lm bgt,bapak bapak syopifud lm begitu,syopifud lm,"['syopifud', 'lm']",0,neutral,2.0
68,2021-12-18 14:24:17+00:00,"@FOODFESS2 Pertama kali ngerasain sbux pesan di syopifud yg butterynut , enak
Selanjutnya malah beli kopi sachet sbux turki , mayan hemat ü§£",pertama kali ngerasain sbux pesan di syopifud yg butterynut enak selanjutnya malah beli kopi sachet sbux turki mayan hemat,pertama kali merasakan sbux pesan di syopifud yang butterynut enak selanjutnya malah beli kopi sachet sbux turki mayan hemat,kali merasakan sbux pesan syopifud butterynut enak beli kopi sachet sbux turki mayan hemat,"['kali', 'rasa', 'sbux', 'pesan', 'syopifud', 'butterynut', 'enak', 'beli', 'kopi', 'sachet', 'sbux', 'turki', 'mayan', 'hemat']",11,positive,1.0
69,2021-12-18 12:28:25+00:00,"Laper bgt
Akhirnya perdana nyobain syopifud
Lumayan bgttt diskonnya cyinnn
üòä https://t.co/mgARHMK0al",laper bgt akhirnya perdana nyobain syopifud lumayan bgttt diskonnya cyinnn,laper begitu akhirnya perdana nyobain syopifud lumayan bgttt diskonnya cyinnn,laper perdana nyobain syopifud lumayan bgttt diskonnya cyinnn,"['laper', 'perdana', 'nyobain', 'syopifud', 'lumayan', 'bgttt', 'diskon', 'cyinnn']",0,neutral,2.0
70,2021-12-18 12:23:51+00:00,"@ladyincrypto beli maem di syopifud kak inez, laper blm mam :(",beli maem di syopifud kak inez laper blm mam,beli makan di syopifud kak inez laper belum mam,beli makan syopifud kak inez laper mam,"['beli', 'makan', 'syopifud', 'kak', 'inez', 'laper', 'mam']",-5,negative,0.0
71,2021-12-18 11:57:35+00:00,"@enhiypain belomm, lagi nunggu abang2 syopifud",belomm lagi nunggu abang syopifud,belomm lagi nunggu abang syopifud,belomm nunggu abang syopifud,"['belomm', 'nunggu', 'abang', 'syopifud']",1,positive,1.0
72,2021-12-18 10:58:14+00:00,"Kali ini saya kedatangan lagi sepaket makanan enak. Manitoku apakah kamu seorang abang syopifud?

Ada butiran salju‚Ä¶ https://t.co/wKZPu3Z6yu",kali ini saya kedatangan lagi sepaket makanan enak manitoku apakah kamu seorang abang syopifud ada butiran salju,kali ini saya kedatangan lagi sepaket makanan enak manitoku apakah kamu seorang abang syopifud ada butiran salju,kali kedatangan sepaket makanan enak manitoku abang syopifud butiran salju,"['kali', 'datang', 'paket', 'makan', 'enak', 'manitoku', 'abang', 'syopifud', 'butir', 'salju']",8,positive,1.0
73,2021-12-18 08:51:45+00:00,Plis jangan ujan dulu sebelom syopifud nya dateng üôèüèª,plis jangan ujan dulu sebelom syopifud nya dateng,plis jangan hujan dulu sebelom syopifud nya dateng,plis hujan sebelom syopifud dateng,"['plis', 'hujan', 'bom', 'syopifud', 'dateng']",4,positive,1.0
74,2021-12-18 08:12:12+00:00,Nunggu syopifudüòî https://t.co/n9dbY3nNt9,nunggu syopifud,nunggu syopifud,nunggu syopifud,"['nunggu', 'syopifud']",1,positive,1.0
75,2021-12-18 07:51:25+00:00,"Pesen syopifud dr jam 1 ampe skrg ga dtg2 ni abangnya, gue salah apa ya",pesen syopifud dr jam ampe skrg ga dtg ni abangnya gue salah apa ya,pesan syopifud dari jam sampai sekarang tidak datang ini abangnya saya salah apa ya,pesan syopifud jam abangnya salah,"['pesan', 'syopifud', 'jam', 'abang', 'salah']",-2,negative,0.0
76,2021-12-18 07:21:04+00:00,agak susah ya dapet driver syopifud kalo rada2 petir mo hujan gini‚ò∫,agak susah ya dapet driver syopifud kalo rada petir mo hujan gini,agak susah ya dapat driver syopifud kalau rada petir mau hujan begini,susah driver syopifud rada petir hujan,"['susah', 'driver', 'syopifud', 'rada', 'petir', 'hujan']",-5,negative,0.0
77,2021-12-18 06:52:53+00:00,@minewithmine mau chigo kakk uda 3/4 bulan ga beli gara-gara diskonnya ilang di syopifud tp kemarin pas kucek eh ud‚Ä¶ https://t.co/x17JMYBq8C,mau chigo kakk uda bulan ga beli garagara diskonnya ilang di syopifud tp kemarin pas kucek eh ud,mau chigo kakk sudah bulan tidak beli garagara diskonnya ilang di syopifud tapi kemarin pas kucek eh sudah,chigo kakk beli garagara diskonnya ilang syopifud kemarin pas kucek eh,"['chigo', 'kakk', 'beli', 'garagara', 'diskon', 'ilang', 'syopifud', 'kemarin', 'pas', 'kucek', 'eh']",2,positive,1.0
78,2021-12-18 06:52:51+00:00,History syopifud isinya gacoan semua,history syopifud isinya gacoan semua,history syopifud isinya gacoan semua,history syopifud isinya gacoan,"['history', 'syopifud', 'isi', 'gaco']",0,neutral,2.0
79,2021-12-18 05:12:06+00:00,"@arrheniavalency Tia tim syopifud :"")",tia tim syopifud,tia tim syopifud,tia tim syopifud,"['tia', 'tim', 'syopifud']",-4,negative,0.0
80,2021-12-18 02:38:36+00:00,"tp gila ga sih, beli di syopifud pake voucher aku 20k aja uda dapet 2 hotdog 1 burger",tp gila ga sih beli di syopifud pake voucher aku k aja uda dapet hotdog burger,tapi gila tidak sih beli di syopifud pakai voucher saya ke aja sudah dapat hotdog burger,gila beli syopifud pakai voucher hotdog burger,"['gila', 'beli', 'syopifud', 'pakai', 'voucher', 'hotdog', 'burger']",8,positive,1.0
81,2021-12-18 01:30:55+00:00,@IIISOEUN02 KAMU NI KESINI PAKE BAJU IJO IJO NI YA PASTI. Mangkanya pake warna oren aja biar disangkanya syopifud bukan gofudüò©,kamu ni kesini pake baju ijo ijo ni ya pasti mangkanya pake warna oren aja biar disangkanya syopifud bukan gofud,kamu ini kesini pakai baju ijo ijo ini ya pasti makanya pakai warna oren aja biar disangkanya syopifud bukan gofud,kesini pakai baju ijo ijo pakai warna oren disangkanya syopifud gofud,"['kesini', 'pakai', 'baju', 'ijo', 'ijo', 'pakai', 'warna', 'oren', 'sangka', 'syopifud', 'gofud']",5,positive,1.0
82,2021-12-18 01:29:44+00:00,"""Aku nyoba syopifud, Chacha Burgo ya?""
""Iyaa""

Terus dateng, ternyata enak, bisa dimakan berdua karena satu selera.‚Ä¶ https://t.co/ILMHTKPbbz",aku nyoba syopifud chacha burgo ya iyaa terus dateng ternyata enak bisa dimakan berdua karena satu selera,saya nyoba syopifud chacha burgo ya iyaa terus dateng ternyata enak bisa dimakan berdua karena satu selera,nyoba syopifud chacha burgo iyaa dateng enak dimakan berdua selera,"['nyoba', 'syopifud', 'chacha', 'burgo', 'iyaa', 'dateng', 'enak', 'makan', 'dua', 'selera']",9,positive,1.0
83,2021-12-18 00:16:39+00:00,@flaminhx Hah?????? Beli langsung apa syopifud? Kok bisa?,hah beli langsung apa syopifud kok bisa,hah beli langsung apa syopifud kok bisa,hah beli langsung syopifud,"['hah', 'beli', 'langsung', 'syopifud']",5,positive,1.0
84,2021-12-17 16:29:59+00:00,"@gupigupimeng makan yg ada aja, tp klo ga mood ya syopifud sajaa",makan yg ada aja tp klo ga mood ya syopifud sajaa,makan yang ada aja tapi kalau tidak mood ya syopifud sajaa,makan mood syopifud sajaa,"['makan', 'mood', 'syopifud', 'sajaa']",3,positive,1.0
85,2021-12-17 16:13:37+00:00,"@katyswagayu BILANG AJA KLO ALASAN ASLINYA SUSPICIOUS SAMA SALDO SPAY, BUKAN KRN SYOPIFUD üôÉ",bilang aja klo alasan aslinya suspicious sama saldo spay bukan krn syopifud,bilang aja kalau alasan aslinya suspicious sama saldo spay bukan karena  syopifud,alasan aslinya suspicious saldo spay syopifud,"['alas', 'asli', 'suspicious', 'saldo', 'spay', 'syopifud']",4,positive,1.0
86,2021-12-17 15:05:57+00:00,@keroopiiw Bikin mie sambil nunggu orderan syopifud sampe wkwk,bikin mie sambil nunggu orderan syopifud sampe wkwk,bikin mie sambil nunggu orderan syopifud sampai wkwk,mie nunggu orderan syopifud wkwk,"['mie', 'nunggu', 'order', 'syopifud', 'wkwk']",1,positive,1.0
87,2021-12-17 14:13:23+00:00,STRES KALI DRTD ORDER SYOPIFUD GADAPAT DRIVER,stres kali drtd order syopifud gadapat driver,stres kali drtd order syopifud gadapat driver,stres kali drtd order syopifud gadapat driver,"['stres', 'kali', 'drtd', 'order', 'syopifud', 'gadapat', 'driver']",-4,negative,0.0
88,2021-12-17 12:48:15+00:00,"Syopifud, aku padamu",syopifud aku padamu,syopifud saya padamu,syopifud padamu,"['syopifud', 'pada']",-3,negative,0.0
89,2021-12-17 11:40:54+00:00,"DUAIN

Aku beli di syopifud ayamnya gamateng anyinkkk eneg banget makannya. Jadi trauma beli makan di syopifud https://t.co/Yr4Y1gV08l",duain aku beli di syopifud ayamnya gamateng anyinkkk eneg banget makannya jadi trauma beli makan di syopifud,duain saya beli di syopifud ayamnya gamateng anyinkkk bosan banget makannya jadi trauma beli makan di syopifud,duain beli syopifud ayamnya gamateng anyinkkk bosan banget makannya trauma beli makan syopifud,"['duain', 'beli', 'syopifud', 'ayam', 'gamateng', 'anyinkkk', 'bosan', 'banget', 'makan', 'trauma', 'beli', 'makan', 'syopifud']",11,positive,1.0
90,2021-12-17 08:57:51+00:00,Cape bgt njir dr kmrn ud cek syopifud ama gofud chatime x bt21 habis terusüò≠,cape bgt njir dr kmrn ud cek syopifud ama gofud chatime bt habis terus,capek begitu njir dari kemarin sudah cek syopifud sama gofud chatime bt habis terus,capek njir kemarin cek syopifud gofud chatime bt habis,"['capek', 'njir', 'kemarin', 'cek', 'syopifud', 'gofud', 'chatime', 'bt', 'habis']",0,neutral,2.0
91,2021-12-17 07:27:05+00:00,RT @rssyayyv: Lah iya makin kesini makin banyak mas mas syopifud meresahkannnn üòå,rt lah iya makin kesini makin banyak mas mas syopifud meresahkannnn,rt lah iya makin kesini makin banyak mas mas syopifud meresahkannnn,iya kesini mas mas syopifud meresahkannnn,"['iya', 'kesini', 'mas', 'mas', 'syopifud', 'meresahkannnn']",0,neutral,2.0
92,2021-12-17 07:23:25+00:00,"Kali ini beli boba. Karna liat di Syopifud ada promo, cobalah tuh Xiboba yang Salted Caramel Biscoff. SYOK BANGET,‚Ä¶ https://t.co/yFuDCkjR6n",kali ini beli boba karna liat di syopifud ada promo cobalah tuh xiboba yang salted caramel biscoff syok banget,kali ini beli boba karena lihat di syopifud ada promo cobalah  itu xiboba yang salted caramel biscoff syok banget,kali beli boba lihat syopifud promo cobalah xiboba salted caramel biscoff syok banget,"['kali', 'beli', 'boba', 'lihat', 'syopifud', 'promo', 'coba', 'xiboba', 'salted', 'caramel', 'biscoff', 'syok', 'banget']",11,positive,1.0
93,2021-12-17 06:40:39+00:00,"mau cerita sedikit kedangdutanku hari ini.
barusan bgt aku pesen syopifud, kutanya abangnya antri apa ngga tp ga di‚Ä¶ https://t.co/aCIOYb6mOS",mau cerita sedikit kedangdutanku hari ini barusan bgt aku pesen syopifud kutanya abangnya antri apa ngga tp ga di,mau cerita sedikit kedangdutanku hari ini barusan begitu saya pesan syopifud kutanya abangnya antri apa tidak tapi tidak di,cerita kedangdutanku barusan pesan syopifud kutanya abangnya antri,"['cerita', 'dangdut', 'barusan', 'pesan', 'syopifud', 'kuta', 'abang', 'antri']",4,positive,1.0
94,2021-12-17 06:08:36+00:00,@loafskyeom ayo jajan di syopifud,ayo jajan di syopifud,ayo jajan di syopifud,ayo jajan syopifud,"['ayo', 'jajan', 'syopifud']",4,positive,1.0
95,2021-12-17 05:18:59+00:00,"@jinskive HmmmmüôÇ tpi di g0jek/gr4b/syopifud tinggal yg minuman doang gaada magnetnya, beli lgsg ke tempatnya w males jauhhh:)",hmmmm tpi di gjekgrbsyopifud tinggal yg minuman doang gaada magnetnya beli lgsg ke tempatnya males jauhhh,hmmmm tapi di gjekgrbsyopifud tinggal yang minuman saja tidak ada magnetnya beli langsung ke tempatnya malas  jauhhh,hmmmm gjekgrbsyopifud tinggal minuman magnetnya beli langsung tempatnya malas jauhhh,"['hmmmm', 'gjekgrbsyopifud', 'tinggal', 'minum', 'magnet', 'beli', 'langsung', 'tempat', 'malas', 'jauhhh']",-4,negative,0.0
96,2021-12-17 05:18:56+00:00,Es Teh Indonesia ga mau apa ikut promo2 di syopifud atau grab :(((,es teh indonesia ga mau apa ikut promo di syopifud atau grab,es teh indonesia tidak mau apa ikut promo di syopifud atau grab,es teh indonesia promo syopifud grab,"['es', 'teh', 'indonesia', 'promo', 'syopifud', 'grab']",4,positive,1.0
97,2021-12-17 04:30:29+00:00,"Nggak sendirian, ditemenin abang2 gofud ama syopifud",nggak sendirian ditemenin abang gofud ama syopifud,tidak sendirian ditemenin abang gofud sama syopifud,ditemenin abang gofud syopifud,"['ditemenin', 'abang', 'gofud', 'syopifud']",0,neutral,2.0
98,2021-12-17 04:10:09+00:00,Lah iya makin kesini makin banyak mas mas syopifud meresahkannnn üòå,lah iya makin kesini makin banyak mas mas syopifud meresahkannnn,lah iya makin kesini makin banyak mas mas syopifud meresahkannnn,iya kesini mas mas syopifud meresahkannnn,"['iya', 'kesini', 'mas', 'mas', 'syopifud', 'meresahkannnn']",0,neutral,2.0
99,2021-12-17 03:22:59+00:00,mauu mi ayam goreng tp gada di gofut sm syopifud hadehh mls ke warungnya,mauu mi ayam goreng tp gada di gofut sm syopifud hadehh mls ke warungnya,mauu mi ayam goreng tapi tidak ada di gofut sama syopifud aduh mls ke warungnya,mauu mi ayam goreng gofut syopifud aduh mls warungnya,"['mauu', 'mi', 'ayam', 'goreng', 'gofut', 'syopifud', 'aduh', 'mls', 'warung']",-2,negative,0.0
100,2021-12-16 19:03:29+00:00,nemenin babang syopifud https://t.co/d4nIDFqjNs,nemenin babang syopifud,nemenin babang syopifud,nemenin babang syopifud,"['nemenin', 'babang', 'syopifud']",2,positive,1.0
101,2021-12-16 17:21:50+00:00,"pengen crita dikit, ku berpapasan dengan abank syopifud dan dia terpeleset namun tidak terjatuh, taulah yg kea ‚Äúeeh‚Ä¶ https://t.co/O2vNkK6Dk9",pengen crita dikit ku berpapasan dengan abank syopifud dan dia terpeleset namun tidak terjatuh taulah yg kea eeh,ingin crita dikit ku berpapasan dengan abank syopifud dan dia terpeleset namun tidak terjatuh tahulah yang kea eeh,crita dikit ku berpapasan abank syopifud terpeleset terjatuh tahulah kea eeh,"['crita', 'dikit', 'ku', 'papas', 'abank', 'syopifud', 'peleset', 'jatuh', 'tahu', 'kea', 'eeh']",-3,negative,0.0
102,2021-12-16 16:59:54+00:00,gw baru tau ya nak coolyeahan sini kalo order mamam lebih cepet pake syopifud drpd gopud/grebfud,gw baru tau ya nak coolyeahan sini kalo order mamam lebih cepet pake syopifud drpd gopudgrebfud,saya baru tahu ya nak coolyeahan sini kalau order mamam lebih cepat pakai syopifud daripada gopudgrebfud,nak coolyeahan order mamam cepat pakai syopifud gopudgrebfud,"['nak', 'coolyeahan', 'order', 'mamam', 'cepat', 'pakai', 'syopifud', 'gopudgrebfud']",0,neutral,2.0
103,2021-12-16 16:27:51+00:00,"@nyil_naa kalo syopifud, jam segini jarang. adanya yang masi buka geh jaraknya jauh bgt dari rumah ku, kasian abangnya üòÉüíî",naa kalo syopifud jam segini jarang adanya yang masi buka geh jaraknya jauh bgt dari rumah ku kasian abangnya,naa kalau syopifud jam segini jarang adanya yang masih buka geh jaraknya jauh begitu dari rumah ku kasihan abangnya,naa syopifud jam segini jarang buka geh jaraknya rumah ku kasihan abangnya,"['naa', 'syopifud', 'jam', 'gin', 'jarang', 'buka', 'geh', 'jarak', 'rumah', 'ku', 'kasihan', 'abang']",13,positive,1.0
104,2021-12-16 15:42:22+00:00,@uljimaaa_ Rekomen makanan di syopifud dong klo gtu sy laper,rekomen makanan di syopifud dong klo gtu sy laper,rekomen makanan di syopifud dong kalau begitu saya laper,rekomen makanan syopifud laper,"['rekomen', 'makan', 'syopifud', 'laper']",0,neutral,2.0
105,2021-12-16 15:10:47+00:00,"RT @FFOODFESS: HIDDEN GEM MIE ENAK DI BANDUNG!

Fess ini wajib banget kalian coba kalo di Bandung, dia cuma ada di grab/gofud/syopifud sih‚Ä¶",rt hidden gem mie enak di bandung fess ini wajib banget kalian coba kalo di bandung dia cuma ada di grabgofudsyopifud sih,rt hidden gem mie enak di bandung fess ini wajib banget kalian coba kalau di bandung dia hanya ada di grabgofudsyopifud sih,hidden gem mie enak bandung fess wajib banget coba bandung grabgofudsyopifud,"['hidden', 'gem', 'mie', 'enak', 'bandung', 'fess', 'wajib', 'banget', 'coba', 'bandung', 'grabgofudsyopifud']",4,positive,1.0
106,2021-12-16 15:03:27+00:00,@sugargliddr order gledy via syopifudüôèüèº,order gledy via syopifud,order gledy via syopifud,order gledy via syopifud,"['order', 'gledy', 'via', 'syopifud']",0,neutral,2.0
107,2021-12-16 14:44:46+00:00,NANGISSS BANGETTTT beli ayam koplo di syopifud dari harga awalnya 48rb jadi cuma 19rb üò©üò©üò© my broke ass is so grateful THANK YOU GOD,nangisss bangetttt beli ayam koplo di syopifud dari harga awalnya rb jadi cuma rb my broke ass is so grateful thank you god,nangisss bangetttt beli ayam koplo di syopifud dari harga awalnya rb jadi hanya rb my broke ass is so grateful thank you god,nangisss bangetttt beli ayam koplo syopifud harga rb rb my broke ass is so grateful thank you god,"['nangisss', 'bangetttt', 'beli', 'ayam', 'koplo', 'syopifud', 'harga', 'rb', 'rb', 'my', 'broke', 'ass', 'is', 'so', 'grateful', 'thank', 'you', 'god']",6,positive,1.0
108,2021-12-16 14:23:49+00:00,"Makasi syopifud, berkah total jd 18k dan free ongkir nyiehehe https://t.co/T2Gh8aWTIH",makasi syopifud berkah total jd k dan free ongkir nyiehehe,makasi syopifud berkah total jadi ke dan free ongkir nyiehehe,makasi syopifud berkah total free ongkir nyiehehe,"['makas', 'syopifud', 'berkah', 'total', 'free', 'ongkir', 'nyiehehe']",7,positive,1.0
109,2021-12-16 13:26:30+00:00,"pak syopifud: ""makasih ya mbak""
ak: *belum ngomong apa apa*
pak syopifud: ""iyah samasama""

pakkkkk wkwkw ngapain saltinküò≠üò≠üò≠",pak syopifud makasih ya mbak ak belum ngomong apa apa pak syopifud iyah samasama pakkkkk wkwkw ngapain saltink,bapak syopifud makasih ya mbak ak belum bicara apa apa bapak syopifud iyah samasama pakkkkk wkwkw ngapain saltink,syopifud makasih mbak ak bicara syopifud iyah samasama pakkkkk wkwkw ngapain saltink,"['syopifud', 'makasih', 'mbak', 'ak', 'bicara', 'syopifud', 'iyah', 'samasama', 'pakkkkk', 'wkwkw', 'ngapain', 'saltink']",4,positive,1.0
110,2021-12-16 13:02:06+00:00,"@hrdbacot Untuk sekarang alokasi gaji:
80% rdpt target utk dp rumah tahun depan
20% living cost

Krn wfh jadi gak n‚Ä¶ https://t.co/pQOFlaEHsO",untuk sekarang alokasi gaji rdpt target utk dp rumah tahun depan living cost krn wfh jadi gak,untuk sekarang alokasi gaji rdpt target untuk dp rumah tahun depan living cost karena  wfh jadi tidak,alokasi gaji rdpt target dp rumah living cost wfh,"['alokasi', 'gaji', 'rdpt', 'target', 'dp', 'rumah', 'living', 'cost', 'wfh']",3,positive,1.0
111,2021-12-16 12:59:45+00:00,"@collegemenfess Bener banget, baru aja tadi sore makan sama ayam geprek + belinya pake diskon syopifud:)",bener banget baru aja tadi sore makan sama ayam geprek belinya pake diskon syopifud,benar banget baru aja tadi sore makan sama ayam geprek belinya pakai potongan harga syopifud,banget sore makan ayam geprek belinya pakai potongan harga syopifud,"['banget', 'sore', 'makan', 'ayam', 'geprek', 'beli', 'pakai', 'potong', 'harga', 'syopifud']",5,positive,1.0
112,2021-12-16 12:37:17+00:00,"@collegemenfess Kebanyakan sih nder, kalo mau syopifud mending langsung beli 3 menu atau joinan sama temen gitu biar murah",kebanyakan sih nder kalo mau syopifud mending langsung beli menu atau joinan sama temen gitu biar murah,kebanyakan sih nder kalau mau syopifud mending langsung beli menu atau joinan sama teman begitu biar murah,kebanyakan nder syopifud mending langsung beli menu joinan teman murah,"['banyak', 'nder', 'syopifud', 'mending', 'langsung', 'beli', 'menu', 'joinan', 'teman', 'murah']",12,positive,1.0
113,2021-12-16 12:36:57+00:00,@chichinmage aku lagi pesen kue sus di syopifud uu ga sabar,aku lagi pesen kue sus di syopifud uu ga sabar,saya lagi pesan kue sus di syopifud uu tidak sabar,pesan kue sus syopifud uu sabar,"['pesan', 'kue', 'sus', 'syopifud', 'uu', 'sabar']",7,positive,1.0
114,2021-12-16 12:18:49+00:00,@mutiacangtip Ga ada syopifud di kediri lohh,ga ada syopifud di kediri lohh,tidak ada syopifud di kediri lohh,syopifud kediri lohh,"['syopifud', 'diri', 'lohh']",-1,negative,0.0
115,2021-12-16 11:26:04+00:00,shope lu kenapa siii gue mau buka syopifud gabisa ajgggg,shope lu kenapa siii gue mau buka syopifud gabisa ajgggg,shope kamu kenapa siii saya mau buka syopifud tidak bisa ajgggg,shope siii buka syopifud ajgggg,"['shope', 'siii', 'buka', 'syopifud', 'ajgggg']",3,positive,1.0
116,2021-12-16 09:48:10+00:00,"@forelsketji Nah aku belum coba di syopifud, gak ada apanya jugaaaüò£, besokku cobaüëçüèªüëçüèª",nah aku belum coba di syopifud gak ada apanya jugaaa besokku coba,nah saya belum coba di syopifud tidak ada apanya jugaaa besokku coba,coba syopifud apanya jugaaa besokku coba,"['coba', 'syopifud', 'apa', 'jugaaa', 'besok', 'coba']",1,positive,1.0
117,2021-12-16 09:43:39+00:00,@anggul_melah @ujungkromosom skarang syopifud juga :'),melah skarang syopifud juga,melah sekarang syopifud juga,melah syopifud,"['lah', 'syopifud']",0,neutral,2.0
118,2021-12-16 09:35:59+00:00,"@xelnou aku tadi beli di syopifud ada satu outlet yang masih available semua, sempet tutup sementara berkali kali s‚Ä¶ https://t.co/dqyy5d4rpP",aku tadi beli di syopifud ada satu outlet yang masih available semua sempet tutup sementara berkali kali,saya tadi beli di syopifud ada satu outlet yang masih available semua sempat tutup sementara berkali kali,beli syopifud outlet available tutup berkali kali,"['beli', 'syopifud', 'outlet', 'available', 'tutup', 'kali', 'kali']",0,neutral,2.0
119,2021-12-16 09:08:38+00:00,misiii syopifud... https://t.co/kTjfaCz5ip,misiii syopifud,misiii syopifud,misiii syopifud,"['misiii', 'syopifud']",0,neutral,2.0
120,2021-12-16 08:34:26+00:00,"@rnjunchnle MAU!! jajan apa aja deeh ntr aku scroll"" syopifud mumpung ad gratong sm diskon 60% niii",mau jajan apa aja deeh ntr aku scroll syopifud mumpung ad gratong sm diskon niii,mau jajan apa aja deeh nanti saya scroll syopifud mumpung ada gratong sama potongan harga niii,jajan deeh scroll syopifud mumpung gratong potongan harga niii,"['jajan', 'deeh', 'scroll', 'syopifud', 'mumpung', 'gratong', 'potong', 'harga', 'niii']",3,positive,1.0
121,2021-12-16 07:27:37+00:00,bah sayang bgt duit 75 rebu guee ü•≤ mayan buat syopifud 3 hari ü•≤,bah sayang bgt duit rebu guee mayan buat syopifud hari,bah sayang begitu uang rebu guee mayan buat syopifud hari,bah sayang uang rebu guee mayan syopifud,"['bah', 'sayang', 'uang', 'rebu', 'guee', 'mayan', 'syopifud']",0,neutral,2.0
122,2021-12-16 05:27:12+00:00,"@ayuoctrina Ngga ceee, pake syopifud kebetulan ada. Cek berkala ajaaa. Eh kmren aku ke ubertos banyak kok stok bt21",ngga ceee pake syopifud kebetulan ada cek berkala ajaaa eh kmren aku ke ubertos banyak kok stok bt,tidak ceee pakai syopifud kebetulan ada cek berkala ajaaa eh kmren saya ke ubertos banyak kok stok bt,ceee pakai syopifud cek berkala ajaaa eh kmren ubertos stok bt,"['ceee', 'pakai', 'syopifud', 'cek', 'kala', 'ajaaa', 'eh', 'kmren', 'ubertos', 'stok', 'bt']",-7,negative,0.0
123,2021-12-16 03:41:56+00:00,@indomyfess gw di syopifud,gw di syopifud,saya di syopifud,syopifud,['syopifud'],0,neutral,2.0
124,2021-12-16 03:40:45+00:00,@indomyfess Syopifud kalau mau diskon,syopifud kalau mau diskon,syopifud kalau mau potongan harga,syopifud potongan harga,"['syopifud', 'potong', 'harga']",1,positive,1.0
125,2021-12-16 02:58:08+00:00,"gue udah lama bgt ga dine in di mcd... selalu drive thru atau gofud/syopifud mulu, terus kaget liat menfess ini WKK‚Ä¶ https://t.co/2CIdy2C8Nx",gue udah lama bgt ga dine in di mcd selalu drive thru atau gofudsyopifud mulu terus kaget liat menfess ini wkk,saya sudah lama begitu tidak dine in di mcd selalu drive thru atau gofudsyopifud terus terus kaget lihat menfess ini wkk,dine in mcd drive thru gofudsyopifud kaget lihat menfess wkk,"['dine', 'in', 'mcd', 'drive', 'thru', 'gofudsyopifud', 'kaget', 'lihat', 'menfess', 'wkk']",6,positive,1.0
126,2021-12-16 00:26:34+00:00,"@FOODFESS2 Mau nyoba yang matchaaa tp jauh bgt keknya indomaret point disini, mana tdk ada di syopifud pula",mau nyoba yang matchaaa tp jauh bgt keknya indomaret point disini mana tdk ada di syopifud pula,mau nyoba yang matchaaa tapi jauh begitu sepertiya indomaret point disini mana tidak ada di syopifud pula,nyoba matchaaa sepertiya indomaret point syopifud,"['nyoba', 'matchaaa', 'sepertiya', 'indomaret', 'point', 'syopifud']",0,neutral,2.0
127,2021-12-15 17:31:03+00:00,@000314PJH khusus syopifud aj nie kak lagie ada promo nyanyi shopee cod,khusus syopifud aj nie kak lagie ada promo nyanyi shopee cod,khusus syopifud aj ini kak lagie ada promo nyanyi shopee cod,khusus syopifud aj kak lagie promo nyanyi shopee cod,"['khusus', 'syopifud', 'aj', 'kak', 'lagie', 'promo', 'nyanyi', 'shopee', 'cod']",6,positive,1.0
128,2021-12-15 13:36:43+00:00,@FOODFESS2 sliweran mluu nih tp di grab gojek syopifud gada üò≠,sliweran mluu nih tp di grab gojek syopifud gada,sliweran mluu ini tapi di grab gojek syopifud tidak ada,sliweran mluu grab gojek syopifud,"['sliweran', 'mluu', 'grab', 'gojek', 'syopifud']",0,neutral,2.0
129,2021-12-15 13:34:29+00:00,"@beyourselfbts Tapi kmaren aku ngecek di syopifud gk ada dah :""(",tapi kmaren aku ngecek di syopifud gk ada dah,tapi kmaren saya ngecek di syopifud tidak ada sudah,kmaren ngecek syopifud,"['kmaren', 'ngecek', 'syopifud']",0,neutral,2.0
130,2021-12-15 12:56:04+00:00,@davtenosis nunggu mamang syopifud,nunggu mamang syopifud,nunggu mamang syopifud,nunggu mamang syopifud,"['nunggu', 'mamang', 'syopifud']",-3,negative,0.0
131,2021-12-15 12:42:51+00:00,"@stvxdrz ena anjr, baru aja mesen syopifud rawon wkwk",ena anjr baru aja mesen syopifud rawon wkwk,ena astaga baru aja  pesan syopifud rawon wkwk,ena astaga pesan syopifud rawon wkwk,"['ena', 'astaga', 'pesan', 'syopifud', 'rawon', 'wkwk']",5,positive,1.0
132,2021-12-15 12:24:23+00:00,"Gw kek badmood bgt seharian ni anjj, udah mah dr subuh kalang kabut ngerjain tugas, paginya ngeliat 1 org d kelompo‚Ä¶ https://t.co/HdwNNI3R0m",gw kek badmood bgt seharian ni anjj udah mah dr subuh kalang kabut ngerjain tugas paginya ngeliat org kelompo,saya seperti badmood begitu seharian ini anjj sudah mah dari subuh kalang kabut ngerjain tugas paginya melihat orang kelompo,badmood seharian anjj mah subuh kalang kabut ngerjain tugas paginya orang kelompo,"['badmood', 'hari', 'anjj', 'mah', 'subuh', 'kalang', 'kabut', 'ngerjain', 'tugas', 'pagi', 'orang', 'kelompo']",-8,negative,0.0
133,2021-12-15 12:15:20+00:00,"YAWLA DRAMA BGT SUMPIL MESEN SYOPIFUD DOANG T.T

Untung ada admin yg gercep jawab keluhan gw ü•∫",yawla drama bgt sumpil mesen syopifud doang untung ada admin yg gercep jawab keluhan gw,yawla drama begitu sumpil  pesan syopifud saja untung ada admin yang gerak cepat jawab keluhan saya,yawla drama sumpil pesan syopifud untung admin gerak cepat keluhan,"['yawla', 'drama', 'sumpil', 'pesan', 'syopifud', 'untung', 'admin', 'gerak', 'cepat', 'keluh']",1,positive,1.0
134,2021-12-15 12:03:50+00:00,Lagi cari kado di Teko sekalian mampir Chatime. Di syopifud udh sold eh pas ke store langsung masih ada dan pas ban‚Ä¶ https://t.co/KmhaZeovxx,lagi cari kado di teko sekalian mampir chatime di syopifud udh sold eh pas ke store langsung masih ada dan pas ban,lagi cari kado di teko sekalian mampir chatime di syopifud sudah sold eh pas ke store langsung masih ada dan pas ban,cari kado teko mampir chatime syopifud sold eh pas store langsung pas ban,"['cari', 'kado', 'teko', 'mampir', 'chatime', 'syopifud', 'sold', 'eh', 'pas', 'store', 'langsung', 'pas', 'ban']",10,positive,1.0
135,2021-12-15 11:09:37+00:00,bli boba 13k doang dpet 2 i lov syopifud,bli boba k doang dpet lov syopifud,bli boba ke saja dapat lov syopifud,bli boba lov syopifud,"['bli', 'boba', 'lov', 'syopifud']",0,neutral,2.0
136,2021-12-15 10:17:45+00:00,"@cale_niim lagi nunggu syopifud dateng ehehhehe, IKAN BLUM MANDII UEUE MALES DINGIN BGT",niim lagi nunggu syopifud dateng ehehhehe ikan blum mandii ueue males dingin bgt,niim lagi nunggu syopifud dateng ehehhehe ikan belum mandii ueue malas  dingin begitu,niim nunggu syopifud dateng ehehhehe ikan mandii ueue malas dingin,"['niim', 'nunggu', 'syopifud', 'dateng', 'ehehhehe', 'ikan', 'mandi', 'ueue', 'malas', 'dingin']",3,positive,1.0
137,2021-12-15 09:49:34+00:00,hasil tergoda diskon syopifudüòÖ https://t.co/yVLyN3SRHP,hasil tergoda diskon syopifud,hasil tergoda potongan harga syopifud,hasil tergoda potongan harga syopifud,"['hasil', 'goda', 'potong', 'harga', 'syopifud']",6,positive,1.0
138,2021-12-15 08:21:04+00:00,tadi beli #chatimexbt21 yg pake magnet cuma bayar 23k pake diskon syopifud mantap dah üëç,tadi beli yg pake magnet cuma bayar k pake diskon syopifud mantap dah,tadi beli yang pakai magnet hanya bayar ke pakai potongan harga syopifud mantap sudah,beli pakai magnet bayar pakai potongan harga syopifud mantap,"['beli', 'pakai', 'magnet', 'bayar', 'pakai', 'potong', 'harga', 'syopifud', 'mantap']",9,positive,1.0
139,2021-12-15 07:58:13+00:00,buru buru order agak menyesal kenapa order lewat gjküòû td gamau nunggu syopifudüò≠ kena 2x lipaüòû,buru buru order agak menyesal kenapa order lewat gjk td gamau nunggu syopifud kena x lipa,buru buru order agak menyesal kenapa order lewat gjk td tidak mau nunggu syopifud kena kali lipa,buru buru order menyesal order gjk td nunggu syopifud kena kali lipa,"['buru', 'buru', 'order', 'sesal', 'order', 'gjk', 'td', 'nunggu', 'syopifud', 'kena', 'kali', 'lipa']",1,positive,1.0
140,2021-12-15 07:52:49+00:00,@vanozeus aku biasanya jam segini jajan syopifud üòû tp sekarang mau nabung duluuu,aku biasanya jam segini jajan syopifud tp sekarang mau nabung duluuu,saya biasanya jam segini jajan syopifud tapi sekarang mau nabung duluuu,jam segini jajan syopifud nabung duluuu,"['jam', 'gin', 'jajan', 'syopifud', 'nabung', 'duluuu']",0,neutral,2.0
141,2021-12-15 07:32:08+00:00,"Pengen bakso tapi hujan, mau go fud gaada duit, syopifud disini ga ada",pengen bakso tapi hujan mau go fud gaada duit syopifud disini ga ada,ingin bakso tapi hujan mau tidak fud tidak ada uang syopifud disini tidak ada,bakso hujan fud uang syopifud,"['bakso', 'hujan', 'fud', 'uang', 'syopifud']",1,positive,1.0
142,2021-12-15 06:46:55+00:00,ini cetaim gimana ceritanya sih kok di syopifud sama gopud abis mulu anjir gajelas,ini cetaim gimana ceritanya sih kok di syopifud sama gopud abis mulu anjir gajelas,ini cetaim bagaimana ceritanya sih kok di syopifud sama gopud habis terus astaga gajelas,cetaim ceritanya syopifud gopud habis astaga gajelas,"['cetaim', 'cerita', 'syopifud', 'gopud', 'habis', 'astaga', 'gajelas']",8,positive,1.0
143,2021-12-15 06:00:18+00:00,udah dejam nunggu syopifud wkwk,udah dejam nunggu syopifud wkwk,sudah dejam nunggu syopifud wkwk,dejam nunggu syopifud wkwk,"['dejam', 'nunggu', 'syopifud', 'wkwk']",1,positive,1.0
144,2021-12-15 05:52:26+00:00,jauhkan aku dari godaan diskon syopifudüò≠,jauhkan aku dari godaan diskon syopifud,jauhkan saya dari godaan potongan harga syopifud,jauhkan godaan potongan harga syopifud,"['jauh', 'goda', 'potong', 'harga', 'syopifud']",-6,negative,0.0
145,2021-12-15 05:04:06+00:00,woiiii gue pesen syopifud drtd kaga ada driver yg ambil gmn donggg laper bgt,woiiii gue pesen syopifud drtd kaga ada driver yg ambil gmn donggg laper bgt,woiiii saya pesan syopifud drtd tidak  ada driver yang ambil bagaimana donggg laper begitu,woiiii pesan syopifud drtd driver ambil donggg laper,"['woiiii', 'pesan', 'syopifud', 'drtd', 'driver', 'ambil', 'donggg', 'laper']",-6,negative,0.0
146,2021-12-15 04:53:14+00:00,berburu chatemxbt21 di syopifud,berburu chatemxbt di syopifud,berburu chatemxbt di syopifud,berburu chatemxbt syopifud,"['buru', 'chatemxbt', 'syopifud']",-3,negative,0.0
147,2021-12-15 04:33:57+00:00,Chatime gabisa order di syopifud / gofud y ?,chatime gabisa order di syopifud gofud,chatime tidak bisa order di syopifud gofud,chatime order syopifud gofud,"['chatime', 'order', 'syopifud', 'gofud']",0,neutral,2.0
148,2021-12-15 03:43:54+00:00,"@riskanidaul kita bsk ke solo dl aj, syopifud an dl trs dibawa ke home",kita bsk ke solo dl aj syopifud an dl trs dibawa ke home,kita besok ke solo dulu aj syopifud an dulu terus dibawa ke home,besok solo aj syopifud an dibawa home,"['besok', 'solo', 'aj', 'syopifud', 'an', 'bawa', 'home']",3,positive,1.0
149,2021-12-15 03:15:43+00:00,@convomfs syopifud dah ü§©,syopifud dah,syopifud sudah,syopifud,['syopifud'],0,neutral,2.0
150,2021-12-15 03:15:37+00:00,@convomfs Syopifud aja bnyk promo,syopifud aja bnyk promo,syopifud aja banyak promo,syopifud promo,"['syopifud', 'promo']",3,positive,1.0
151,2021-12-15 03:15:13+00:00,@convomfs Syopifud aja,syopifud aja,syopifud aja,syopifud,['syopifud'],0,neutral,2.0
152,2021-12-15 03:14:20+00:00,@convomfs syopifud ü§§,syopifud,syopifud,syopifud,['syopifud'],0,neutral,2.0
153,2021-12-15 03:14:06+00:00,@convomfs syopifud,syopifud,syopifud,syopifud,['syopifud'],0,neutral,2.0
154,2021-12-15 02:50:06+00:00,"@renjunbase renjun pizza ‚úî
renjun syopifud
renjun kurir
renjun gofud
renjun pout 2.0

aku nyebutnya yang atas",renjun pizza renjun syopifud renjun kurir renjun gofud renjun pout aku nyebutnya yang atas,renjun pizza renjun syopifud renjun kurir renjun gofud renjun pout saya nyebutnya yang atas,renjun pizza renjun syopifud renjun kurir renjun gofud renjun pout nyebutnya,"['renjun', 'pizza', 'renjun', 'syopifud', 'renjun', 'kurir', 'renjun', 'gofud', 'renjun', 'pout', 'nyebutnya']",0,neutral,2.0
155,2021-12-15 01:46:17+00:00,Berguna utk komparasi gofud grebfud syopifud secara bersamaan https://t.co/UAsKKrBqZB,berguna utk komparasi gofud grebfud syopifud secara bersamaan,berguna untuk komparasi gofud grebfud syopifud secara bersamaan,berguna komparasi gofud grebfud syopifud bersamaan,"['guna', 'komparasi', 'gofud', 'grebfud', 'syopifud', 'sama']",8,positive,1.0
156,2021-12-14 15:41:53+00:00,@ShopeeCare Kak kalau mau laporan driver syopifud yg kurang ajar kemana ya?,kak kalau mau laporan driver syopifud yg kurang ajar kemana ya,kak kalau mau laporan driver syopifud yang kurang ajar kemana ya,kak laporan driver syopifud ajar kemana,"['kak', 'lapor', 'driver', 'syopifud', 'ajar', 'mana']",-4,negative,0.0
157,2021-12-14 15:38:30+00:00,@jajanin_ saingan syopifud nih kak kayanya üò≠,saingan syopifud nih kak kayanya,saingan syopifud ini kak sepertinya,saingan syopifud kak,"['saing', 'syopifud', 'kak']",0,neutral,2.0
158,2021-12-14 13:54:13+00:00,@muel_zone Nungguin syopifud dateng,zone nungguin syopifud dateng,zone nungguin syopifud dateng,zone nungguin syopifud dateng,"['zone', 'nungguin', 'syopifud', 'dateng']",3,positive,1.0
159,2021-12-14 13:52:54+00:00,@siemplicity tp abang di grab sama gojek udah bener semua titiknya üò≠üëçüèª cuma syopifud aja yg berubah titiknya,tp abang di grab sama gojek udah bener semua titiknya cuma syopifud aja yg berubah titiknya,tapi abang di grab sama gojek sudah benar semua titiknya hanya syopifud aja yang berubah titiknya,abang grab gojek titiknya syopifud berubah titiknya,"['abang', 'grab', 'gojek', 'titik', 'syopifud', 'ubah', 'titik']",-6,negative,0.0
160,2021-12-14 13:36:16+00:00,ni kalo sampe voucher syopifud abis mati sih,ni kalo sampe voucher syopifud abis mati sih,ini kalau sampai voucher syopifud habis mati sih,voucher syopifud habis mati,"['voucher', 'syopifud', 'habis', 'mati']",10,positive,1.0
161,2021-12-14 13:27:10+00:00,w bolak balik gofud syopifud doang anjer tp gapesen daritadi,bolak balik gofud syopifud doang anjer tp gapesen daritadi,bolak balik gofud syopifud saja anjer tapi gapesen daritadi,bolak gofud syopifud anjer gapesen daritadi,"['bolak', 'gofud', 'syopifud', 'anjer', 'gapesen', 'daritadi']",-3,negative,0.0
162,2021-12-14 13:10:55+00:00,td beli makan di syopifud jg rasanya ga mengecewakan üò≠üò≠,td beli makan di syopifud jg rasanya ga mengecewakan,td beli makan di syopifud juga rasanya tidak mengecewakan,td beli makan syopifud mengecewakan,"['td', 'beli', 'makan', 'syopifud', 'kecewa']",0,neutral,2.0
163,2021-12-14 12:52:39+00:00,@bunnylandm DI TEASER DIA JD SYOPIFUD,di teaser dia jd syopifud,di teaser dia jadi syopifud,teaser syopifud,"['teaser', 'syopifud']",0,neutral,2.0
164,2021-12-14 12:51:52+00:00,Syopifud kenapa diskon mulu si,syopifud kenapa diskon mulu si,syopifud kenapa potongan harga terus si,syopifud potongan harga,"['syopifud', 'potong', 'harga']",1,positive,1.0
165,2021-12-14 12:49:36+00:00,@pangsitudangs Renjun syopifud,renjun syopifud,renjun syopifud,renjun syopifud,"['renjun', 'syopifud']",0,neutral,2.0
166,2021-12-14 12:49:09+00:00,@injunwink KNP SYOPIFUD,knp syopifud,kenapa syopifud,syopifud,['syopifud'],0,neutral,2.0
167,2021-12-14 11:59:18+00:00,Jam segini knp susah bgt dpt driver syopifud huhu,jam segini knp susah bgt dpt driver syopifud huhu,jam segini kenapa susah begitu dapat driver syopifud huhu,jam segini susah driver syopifud huhu,"['jam', 'gin', 'susah', 'driver', 'syopifud', 'huhu']",-3,negative,0.0
168,2021-12-14 11:51:38+00:00,@ccyscho oalahhh dirumah nenek to.... kalo pake syopifud gaada yaa.....,oalahhh dirumah nenek to kalo pake syopifud gaada yaa,oalahhh dirumah nenek to kalau pakai syopifud tidak ada ya,oalahhh dirumah nenek to pakai syopifud,"['oalahhh', 'rumah', 'nenek', 'to', 'pakai', 'syopifud']",3,positive,1.0
169,2021-12-14 11:41:35+00:00,gak ngeh klo diluar ujan trus pesen syopifud maap bgt pak jd keujananü•≤,gak ngeh klo diluar ujan trus pesen syopifud maap bgt pak jd keujanan,tidak ngeh kalau diluar hujan terus pesan syopifud maaf begitu bapak jadi keujanan,ngeh diluar hujan pesan syopifud maaf keujanan,"['ngeh', 'luar', 'hujan', 'pesan', 'syopifud', 'maaf', 'keujanan']",5,positive,1.0
170,2021-12-14 11:39:34+00:00,@otukki_ Menunya apa kalo boleh tau bang? Ad di syopifud ga?,menunya apa kalo boleh tau bang ad di syopifud ga,menunya apa kalau boleh tahu abang ada di syopifud tidak,menunya abang syopifud,"['menu', 'abang', 'syopifud']",0,neutral,2.0
171,2021-12-14 11:18:57+00:00,@duduaduduu syopifud dongg ah,syopifud dongg ah,syopifud dongg ah,syopifud dongg ah,"['syopifud', 'dongg', 'ah']",0,neutral,2.0
172,2021-12-14 11:05:22+00:00,"ndes ada ga mahasiswa smg yg parttime jadi syopifud driver? rep dong aku pengen sharing ke kalian, tapi aku ceweüôèüèª",ndes ada ga mahasiswa smg yg parttime jadi syopifud driver rep dong aku pengen sharing ke kalian tapi aku cewe,ndes ada tidak mahasiswa semoga yang parttime jadi syopifud driver rep dong saya ingin sharing ke kalian tapi saya cewe,ndes mahasiswa semoga parttime syopifud driver rep sharing cewe,"['ndes', 'mahasiswa', 'moga', 'parttime', 'syopifud', 'driver', 'rep', 'sharing', 'cewe']",4,positive,1.0
173,2021-12-14 11:03:09+00:00,@minjeongie_m Enak kalo panas wkwk mendingan beli langsung daripada syopifud,m enak kalo panas wkwk mendingan beli langsung daripada syopifud,m enak kalau panas wkwk mendingan beli langsung daripada syopifud,enak panas wkwk mendingan beli langsung syopifud,"['enak', 'panas', 'wkwk', 'mending', 'beli', 'langsung', 'syopifud']",11,positive,1.0
174,2021-12-14 10:54:31+00:00,"@shopeefood_id bener bangettt, ga kebagian vocher syopifud yg 100% aja rasanya nyesel dua hariüò≠",id bener bangettt ga kebagian vocher syopifud yg aja rasanya nyesel dua hari,id benar banget tidak kebagian vocher syopifud yang aja rasanya menyesal dua hari,id banget kebagian vocher syopifud menyesal,"['id', 'banget', 'bagi', 'vocher', 'syopifud', 'sesal']",4,positive,1.0
175,2021-12-14 10:54:19+00:00,@thisisavee @Wonderwoman01_ @FOODFESS2 yg purple star tea 32k yg purple star milk tea 35k udh include jelly dalemny‚Ä¶ https://t.co/sSEum5lzWi,yg purple star tea k yg purple star milk tea k udh include jelly dalemny,yang purple star tea ke yang purple star milk tea ke sudah include jelly dalemny,purple star tea purple star milk tea include jelly dalemny,"['purple', 'star', 'tea', 'purple', 'star', 'milk', 'tea', 'include', 'jelly', 'dalemny']",0,neutral,2.0
176,2021-12-14 10:45:32+00:00,Syopifud sekarang mulai pelit diskon ya üôÉ,syopifud sekarang mulai pelit diskon ya,syopifud sekarang mulai pelit potongan harga ya,syopifud pelit potongan harga,"['syopifud', 'pelit', 'potong', 'harga']",5,positive,1.0
177,2021-12-14 10:15:06+00:00,"@FOODFESS2 Ada nder, dulu aku order pake syopifud ada kok.",ada nder dulu aku order pake syopifud ada kok,ada nder dulu saya order pakai syopifud ada kok,nder order pakai syopifud,"['nder', 'order', 'pakai', 'syopifud']",0,neutral,2.0
178,2021-12-14 10:12:34+00:00,"Fess klo pesen makanan lewat syopifud tu emang ngga ada konfirmasinya kah? Misal ketika hendak mengantar pesanan, d‚Ä¶ https://t.co/1QU2z31wyf",fess klo pesen makanan lewat syopifud tu emang ngga ada konfirmasinya kah misal ketika hendak mengantar pesanan,fess kalau pesan makanan lewat syopifud itu memang tidak ada konfirmasinya kah misal ketika hendak mengantar pesanan,fess pesan makanan syopifud konfirmasinya kah mengantar pesanan,"['fess', 'pesan', 'makan', 'syopifud', 'konfirmasi', 'kah', 'antar', 'pesan']",10,positive,1.0
179,2021-12-14 09:57:03+00:00,"Baru sadar uang tu abis gegara sering gofud, grabfud, syopifud meluluuu. Dirumah aja tetep jajan üò≠üò≠
Bulan depan kud‚Ä¶ https://t.co/ILTL2kITmW",baru sadar uang tu abis gegara sering gofud grabfud syopifud meluluuu dirumah aja tetep jajan bulan depan kud,baru sadar uang itu habis gara-gara sering gofud grabfud syopifud meluluuu dirumah aja tetap jajan bulan depan kud,sadar uang habis gara-gara gofud grabfud syopifud meluluuu dirumah jajan kud,"['sadar', 'uang', 'habis', 'gara-gara', 'gofud', 'grabfud', 'syopifud', 'meluluuu', 'rumah', 'jajan', 'kud']",3,positive,1.0
180,2021-12-14 09:40:59+00:00,"@FOODFESS2 reuseable nder lucu bet yakin. Btw ini semua di sopifud jogja stok abis tp masi dijual offline, jd dek p‚Ä¶ https://t.co/0PZpAcc12w",reuseable nder lucu bet yakin btw ini semua di sopifud jogja stok abis tp masi dijual offline jd dek,reuseable nder lucu bet yakin ngomong-ngomong ini semua di sopifud jogja stok habis tapi masih dijual offline jadi adik,reuseable nder lucu bet ngomong-ngomong sopifud jogja stok habis dijual offline adik,"['reuseable', 'nder', 'lucu', 'bet', 'ngomong-ngomong', 'sopifud', 'jogja', 'stok', 'habis', 'jual', 'offline', 'adik']",4,positive,1.0
181,2021-12-14 09:33:18+00:00,"@taepocii bdg aja soldnya cepet, apalagi disana yaa T___T tp coba aja deh bolak balik cek syopifud/gofudnyaa, hari‚Ä¶ https://t.co/YXASxGF6LS",bdg aja soldnya cepet apalagi disana yaa tt tp coba aja deh bolak balik cek syopifudgofudnyaa hari,bandung aja soldnya cepat apalagi disana ya tt tapi coba aja deh bolak balik cek syopifudgofudnyaa hari,bandung soldnya cepat disana tt coba deh bolak cek syopifudgofudnyaa,"['bandung', 'soldnya', 'cepat', 'sana', 'tt', 'coba', 'deh', 'bolak', 'cek', 'syopifudgofudnyaa']",-2,negative,0.0
182,2021-12-14 09:33:10+00:00,"Hujan2 gini pen syopifud tp pst susah cari driver,, ya kasian jg sih drivernya hujan2an",hujan gini pen syopifud tp pst susah cari driver ya kasian jg sih drivernya hujanan,hujan begini pen syopifud tapi pasti susah cari driver ya kasihan juga sih drivernya hujanan,hujan syopifud susah cari driver kasihan drivernya hujanan,"['hujan', 'syopifud', 'susah', 'cari', 'driver', 'kasihan', 'drivernya', 'hujan']",0,neutral,2.0
183,2021-12-14 08:45:23+00:00,"@Askrlfess Mbaknya kode itu mah biar yg nanya lebih kek ‚Äòkamu pasti belum makan, aku pesenin syopifud yaa‚Äô gituuu",mbaknya kode itu mah biar yg nanya lebih kek kamu pasti belum makan aku pesenin syopifud yaa gituuu,mbaknya kode itu mah biar yang nanya lebih seperti kamu pasti belum makan saya pesenin syopifud ya gituuu,mbaknya kode mah nanya makan pesenin syopifud gituuu,"['mbak', 'kode', 'mah', 'nanya', 'makan', 'senin', 'syopifud', 'gituuu']",-3,negative,0.0
184,2021-12-14 08:34:36+00:00,@letskajaa syopifud aja kalo mau cepet,syopifud aja kalo mau cepet,syopifud aja kalau mau cepat,syopifud cepat,"['syopifud', 'cepat']",3,positive,1.0
185,2021-12-14 07:07:11+00:00,as always tiap pesen syopifud selalu dipanggil bapak grgr profile picturenya pake foto doyü•≤,as always tiap pesen syopifud selalu dipanggil bapak grgr profile picturenya pake foto doy,as always setiap pesan syopifud selalu dipanggil bapak grgr profile picturenya pakai foto doy,as always pesan syopifud dipanggil grgr profile picturenya pakai foto doy,"['as', 'always', 'pesan', 'syopifud', 'panggil', 'grgr', 'profile', 'picturenya', 'pakai', 'foto', 'doy']",4,positive,1.0
186,2021-12-14 06:40:45+00:00,"@bidongdongo @apaadonggg @nrklst @FOOD_FESS Kan yg 15 rebu kudu lgsg, gada di gofud/syopifud adanya di grab doang",fess kan yg rebu kudu lgsg gada di gofudsyopifud adanya di grab doang,fess kan yang rebu harus langsung tidak ada di gofudsyopifud adanya di grab saja,fess rebu langsung gofudsyopifud grab,"['fess', 'rebu', 'langsung', 'gofudsyopifud', 'grab']",3,positive,1.0
187,2021-12-14 05:13:48+00:00,Kalo win bisa njajan syopifud,kalo win bisa njajan syopifud,kalau win bisa njajan syopifud,win njajan syopifud,"['win', 'njajan', 'syopifud']",0,neutral,2.0
188,2021-12-14 05:01:22+00:00,@crossstrip iyaaa gemes bgttü§ß aslinya 33k tapi pake voucher syopifud jd 23k aja udh pake pearl-nyaü•≥,iyaaa gemes bgtt aslinya k tapi pake voucher syopifud jd k aja udh pake pearlnya,iya gemes bgtt aslinya ke tapi pakai voucher syopifud jadi ke aja sudah pakai pearlnya,iya gemes bgtt aslinya pakai voucher syopifud pakai pearlnya,"['iya', 'gemes', 'bgtt', 'asli', 'pakai', 'voucher', 'syopifud', 'pakai', 'pearlnya']",3,positive,1.0
189,2021-12-14 04:53:28+00:00,Pas laper larinya kalo ga ke gofud ya syopifud &lt;3 https://t.co/vlytA5hYe2,pas laper larinya kalo ga ke gofud ya syopifud lt,pas laper larinya kalau tidak ke gofud ya syopifud lt,pas laper larinya gofud syopifud lt,"['pas', 'laper', 'lari', 'gofud', 'syopifud', 'lt']",-2,negative,0.0
190,2021-12-14 04:51:20+00:00,Pas laper larinya kalo ga ke gofud ya syopifud &lt;3 https://t.co/rADRtTh3v4,pas laper larinya kalo ga ke gofud ya syopifud lt,pas laper larinya kalau tidak ke gofud ya syopifud lt,pas laper larinya gofud syopifud lt,"['pas', 'laper', 'lari', 'gofud', 'syopifud', 'lt']",-2,negative,0.0
191,2021-12-14 04:31:09+00:00,"jends ada yg udh coba syopifud di pwt? aman gakk? sering lewat di toktok katanya kurang aman, tp pen cobaa",jends ada yg udh coba syopifud di pwt aman gakk sering lewat di toktok katanya kurang aman tp pen cobaa,jends ada yang sudah coba syopifud di pwt aman gakk sering lewat di toktok katanya kurang aman tapi pen cobaa,jends coba syopifud pwt aman gakk toktok aman cobaa,"['jends', 'coba', 'syopifud', 'pwt', 'aman', 'gakk', 'toktok', 'aman', 'cobaa']",2,positive,1.0
192,2021-12-14 03:43:49+00:00,@armyfess_ ini harus beli langsung ya? aku liat di syopifud toko tutup terusüò≠,ini harus beli langsung ya aku liat di syopifud toko tutup terus,ini harus beli langsung ya saya lihat di syopifud toko tutup terus,beli langsung lihat syopifud toko tutup,"['beli', 'langsung', 'lihat', 'syopifud', 'toko', 'tutup']",6,positive,1.0
193,2021-12-14 02:32:58+00:00,@doggopaww Pake syopifud coba ada gratis ongkir sama diskon juga,pake syopifud coba ada gratis ongkir sama diskon juga,pakai syopifud coba ada gratis ongkir sama potongan harga juga,pakai syopifud coba gratis ongkir potongan harga,"['pakai', 'syopifud', 'coba', 'gratis', 'ongkir', 'potong', 'harga']",7,positive,1.0
194,2021-12-14 02:19:41+00:00,"@seokjinita sama beibb punyaku jg, malah chatime close app di gojek, tutup berkala gitu dr kmaren, biar ga rame ban‚Ä¶ https://t.co/gjybx5pFMB",sama beibb punyaku jg malah chatime close app di gojek tutup berkala gitu dr kmaren biar ga rame ban,sama beibb punyaku juga malah chatime close aplikasi di gojek tutup berkala begitu dari kmaren biar tidak ramai ban,beibb punyaku chatime close aplikasi gojek tutup berkala kmaren ramai ban,"['beibb', 'punya', 'chatime', 'close', 'aplikasi', 'gojek', 'tutup', 'kala', 'kmaren', 'ramai', 'ban']",-2,negative,0.0
195,2021-12-13 17:34:52+00:00,"@melyeffendi tulung titip adik adik dusun besok pagi meh ndaftar syopifud, tulung diarahke üôè",tulung titip adik adik dusun besok pagi meh ndaftar syopifud tulung diarahke,tulung titip adik adik dusun besok pagi meh ndaftar syopifud tulung diarahke,tulung titip adik adik dusun besok pagi meh ndaftar syopifud tulung diarahke,"['tulung', 'titip', 'adik', 'adik', 'dusun', 'besok', 'pagi', 'meh', 'ndaftar', 'syopifud', 'tulung', 'diarahke']",-4,negative,0.0
